id,lesson_id,title,audio_url,start_seconds,end_seconds,display_order,created_at,updated_at,image_url,knowledge
13,5,Question 13,/listening/part1/dataset01/q13.mp3,,,13,2026-08-09 17:24:00.807443,2026-08-09 17:24:00.807443,/listening/part1/images/q13.jpg,Part 1 – Mẹo 13: Chú ý sự khác nhau giữa looking at a computer và working on a computer.
14,17,Question 14,/listening/part1/dataset01/q14.mp3,,,14,2026-08-09 17:24:00.807443,2026-08-09 17:24:00.807443,/listening/part1/images/q14.jpg,"Part 1 – Mẹo 14: Khi người cầm vật, xác định rõ vật đang được cầm thay vì chỉ nhận diện vật trong ảnh."
15,5,Question 15,/listening/part1/dataset01/q15.mp3,,,15,2026-08-09 17:24:00.807443,2026-08-09 17:24:00.807443,/listening/part1/images/q15.jpg,"Part 1 – Mẹo 15: Với động tác di chuyển vật, chú ý các từ carrying, moving, lifting và putting."
16,9,Question 16,/listening/part1/dataset01/q16.mp3,,,16,2026-08-09 17:24:00.807443,2026-08-09 17:24:00.807443,/listening/part1/images/q16.jpg,"Part 1 – Mẹo 16: Đáp án đúng phải mô tả điều thực sự nhìn thấy, không phải điều có thể đang xảy ra."
17,17,Question 17,/listening/part1/dataset01/q17.mp3,,,17,2026-08-09 17:24:00.807443,2026-08-09 17:24:00.807443,/listening/part1/images/q17.jpg,"Part 1 – Mẹo 17: Nếu có người ngồi, phân biệt sitting at a desk với sitting on a chair."
18,17,Question 18,/listening/part1/dataset01/q18.mp3,,,18,2026-08-09 17:24:00.807443,2026-08-09 17:24:00.807443,/listening/part1/images/q18.jpg,"Part 1 – Mẹo 18: Khi nghe câu mô tả vị trí, xác định vật làm mốc trước rồi mới xác định vị trí."
19,1,Question 19,/listening/part1/dataset01/q19.mp3,,,19,2026-08-09 17:24:00.807443,2026-08-09 17:24:00.807443,/listening/part1/images/q19.jpg,"Part 1 – Mẹo 19: Các từ beside, next to và near có thể gần nghĩa nhưng cần khớp chính xác với hình."
20,1,Question 20,/listening/part1/dataset01/q20.mp3,,,20,2026-08-09 17:24:00.807443,2026-08-09 17:24:00.807443,/listening/part1/images/q20.jpg,"Part 1 – Mẹo 20: Nếu đáp án mô tả một hành động không có dấu hiệu trực quan trong ảnh, loại đáp án đó."
21,9,Question 21,/listening/part1/dataset01/q21.mp3,,,21,2026-08-09 17:24:00.807443,2026-08-09 17:24:00.807443,/listening/part1/images/q21.jpg,"Part 1 – Mẹo 21: Với ảnh ngoài trời, chú ý người đang walking, running, standing hoặc waiting."
22,17,Question 22,/listening/part1/dataset01/q22.mp3,,,22,2026-08-09 17:24:00.807443,2026-08-09 17:24:00.807443,/listening/part1/images/q22.jpg,Part 1 – Mẹo 22: Không nhầm giữa walking toward và walking away from một địa điểm.
23,9,Question 23,/listening/part1/dataset01/q23.mp3,,,23,2026-08-09 17:24:00.807443,2026-08-09 17:24:00.807443,/listening/part1/images/q23.jpg,"Part 1 – Mẹo 23: Khi có biển báo, kiểm tra xem người trong ảnh có thực sự tương tác với biển hay không."
24,1,Question 24,/listening/part1/dataset01/q24.mp3,,,24,2026-08-09 17:24:00.807443,2026-08-09 17:24:00.807443,/listening/part1/images/q24.jpg,Part 1 – Mẹo 24: Phân biệt holding một vật với touching hoặc pointing at vật đó.
40,17,Question 40,/listening/part1/dataset01/q40.mp3,,,40,2026-08-09 17:24:00.807443,2026-08-09 17:24:00.807443,/listening/part1/images/q40.jpg,"Part 1 – Mẹo 40: Với người cúi xuống, chú ý họ đang picking up, examining hay cleaning một vật."
42,17,Question 42,/listening/part1/dataset01/q42.mp3,,,42,2026-08-09 17:24:00.807443,2026-08-09 17:24:00.807443,/listening/part1/images/q42.jpg,Part 1 – Mẹo 42: Phân biệt người phục vụ đang carrying food với người đang eating.
43,13,Question 43,/listening/part1/dataset01/q43.mp3,,,43,2026-08-09 17:24:00.807443,2026-08-09 17:24:00.807443,/listening/part1/images/q43.jpg,"Part 1 – Mẹo 43: Với bàn ăn, chú ý vị trí của plates, cups, glasses và utensils."
44,17,Question 44,/listening/part1/dataset01/q44.mp3,,,44,2026-08-09 17:24:00.807443,2026-08-09 17:24:00.807443,/listening/part1/images/q44.jpg,"Part 1 – Mẹo 44: Nếu một người đang cầm ly, không nhất thiết người đó đang drinking."
45,17,Question 45,/listening/part1/dataset01/q45.mp3,,,45,2026-08-09 17:24:00.807443,2026-08-09 17:24:00.807443,/listening/part1/images/q45.jpg,"Part 1 – Mẹo 45: Nếu người đang cầm menu, phân biệt reading a menu với ordering food."
46,13,Question 46,/listening/part1/dataset01/q46.mp3,,,46,2026-08-09 17:24:00.807443,2026-08-09 17:24:00.807443,/listening/part1/images/q46.jpg,"Part 1 – Mẹo 46: Với ảnh cửa hàng, chú ý browsing, shopping, paying và carrying items."
47,9,Question 47,/listening/part1/dataset01/q47.mp3,,,47,2026-08-09 17:24:00.807443,2026-08-09 17:24:00.807443,/listening/part1/images/q47.jpg,Part 1 – Mẹo 47: Phân biệt looking at merchandise với buying merchandise.
48,1,Question 48,/listening/part1/dataset01/q48.mp3,,,48,2026-08-09 17:24:00.807443,2026-08-09 17:24:00.807443,/listening/part1/images/q48.jpg,"Part 1 – Mẹo 48: Khi người đang thanh toán, tìm dấu hiệu của cash, card hoặc cashier."
49,5,Question 49,/listening/part1/dataset01/q49.mp3,,,49,2026-08-09 17:24:00.807443,2026-08-09 17:24:00.807443,/listening/part1/images/q49.jpg,Part 1 – Mẹo 49: Không suy diễn rằng một người đang mua hàng chỉ vì họ đang đứng trong cửa hàng.
50,5,Question 50,/listening/part1/dataset01/q50.mp3,,,50,2026-08-09 17:24:00.807443,2026-08-09 17:24:00.807443,/listening/part1/images/q50.jpg,"Part 1 – Mẹo 50: Với quầy hàng, chú ý vị trí của customer và employee."
51,5,Question 51,/listening/part1/dataset01/q51.mp3,,,51,2026-08-09 17:24:00.807443,2026-08-09 17:24:00.807443,/listening/part1/images/q51.jpg,"Part 1 – Mẹo 51: Với ảnh công trường, tập trung vào hành động như building, repairing hoặc carrying."
52,17,Question 52,/listening/part1/dataset01/q52.mp3,,,52,2026-08-09 17:24:00.807443,2026-08-09 17:24:00.807443,/listening/part1/images/q52.jpg,Part 1 – Mẹo 52: Phân biệt wearing safety equipment với performing construction work.
53,1,Question 53,/listening/part1/dataset01/q53.mp3,,,53,2026-08-09 17:24:00.807443,2026-08-09 17:24:00.807443,/listening/part1/images/q53.jpg,"Part 1 – Mẹo 53: Khi thấy mũ bảo hộ, không mặc định người đó đang xây dựng nếu hành động khác được thể hiện."
54,17,Question 54,/listening/part1/dataset01/q54.mp3,,,54,2026-08-09 17:24:00.807443,2026-08-09 17:24:00.807443,/listening/part1/images/q54.jpg,"Part 1 – Mẹo 54: Với công cụ, chú ý người đang using, holding hay placing công cụ."
55,5,Question 55,/listening/part1/dataset01/q55.mp3,,,55,2026-08-09 17:24:00.807443,2026-08-09 17:24:00.807443,/listening/part1/images/q55.jpg,"Part 1 – Mẹo 55: Nếu một vật nằm trên bề mặt, chú ý giới từ on, beside hoặc under."
56,17,Question 56,/listening/part1/dataset01/q56.mp3,,,56,2026-08-09 17:24:00.807443,2026-08-09 17:24:00.807443,/listening/part1/images/q56.jpg,Part 1 – Mẹo 56: Phân biệt equipment đang được sử dụng với equipment chỉ được đặt trong khu vực.
57,1,Question 57,/listening/part1/dataset01/q57.mp3,,,57,2026-08-09 17:24:00.807443,2026-08-09 17:24:00.807443,/listening/part1/images/q57.jpg,"Part 1 – Mẹo 57: Với ảnh kho hàng, chú ý loading, unloading, stacking và moving boxes."
58,5,Question 58,/listening/part1/dataset01/q58.mp3,,,58,2026-08-09 17:24:00.807443,2026-08-09 17:24:00.807443,/listening/part1/images/q58.jpg,"Part 1 – Mẹo 58: Với các thùng hàng, chú ý số lượng và vị trí thay vì đoán nội dung bên trong."
1,9,Question 01,/listening/part1/dataset01/q01.mp3,,,1,2026-08-09 17:24:00.807443,2026-08-09 17:24:00.807443,/listening/part1/images/q01.jpg,"Part 1 – Mẹo 1: Trước khi nghe, quan sát nhanh chủ thể chính trong ảnh để biết cần tập trung vào người hay đồ vật."
2,9,Question 02,/listening/part1/dataset01/q02.mp3,,,2,2026-08-09 17:24:00.807443,2026-08-09 17:24:00.807443,/listening/part1/images/q02.jpg,"Part 1 – Mẹo 2: Với ảnh có người, chú ý động từ mô tả hành động như standing, sitting, walking hoặc carrying."
301,4,Part 4 - Talk 01 - Library Announcement,/listening/part4/dataset01/g001.mp3,0.00,,1,2026-08-09 21:34:42.767896,2026-08-09 21:34:42.767896,,Part 4 – Main topic: nghe phần mở đầu để xác định chủ đề chính của bài nói.
302,4,Part 4 - Talk 02 - Airport Announcement,/listening/part4/dataset01/g002.mp3,0.00,,2,2026-08-09 21:34:42.767896,2026-08-09 21:34:42.767896,,"Part 4 – Announcement: chú ý địa điểm, thời gian và lý do của thông báo."
303,4,Part 4 - Talk 03 - Office Meeting,/listening/part4/dataset01/g003.mp3,0.00,,3,2026-08-09 21:34:42.767896,2026-08-09 21:34:42.767896,,"Part 4 – Speaker purpose: xác định người nói muốn thông báo, hướng dẫn, quảng cáo hay giải thích điều gì."
304,4,Part 4 - Talk 04 - Restaurant Advertisement,/listening/part4/dataset01/g004.mp3,0.00,,4,2026-08-09 21:34:42.767896,2026-08-09 21:34:42.767896,,"Part 4 – Who: chú ý chức vụ, tên người và đối tượng được nhắc đến để xác định người liên quan."
3,17,Question 03,/listening/part1/dataset01/q03.mp3,,,3,2026-08-09 17:24:00.807443,2026-08-09 17:24:00.807443,/listening/part1/images/q03.jpg,Part 1 – Mẹo 3: Không chọn đáp án chỉ vì nghe thấy đúng tên đồ vật; hành động của đồ vật mới quyết định đáp án.
4,17,Question 04,/listening/part1/dataset01/q04.mp3,,,4,2026-08-09 17:24:00.807443,2026-08-09 17:24:00.807443,/listening/part1/images/q04.jpg,Part 1 – Mẹo 4: Phân biệt hành động đang diễn ra với trạng thái đứng yên của chủ thể.
5,1,Question 05,/listening/part1/dataset01/q05.mp3,,,5,2026-08-09 17:24:00.807443,2026-08-09 17:24:00.807443,/listening/part1/images/q05.jpg,"Part 1 – Mẹo 5: Khi ảnh có nhiều người, xác định người thực hiện hành động trước khi chọn đáp án."
6,9,Question 06,/listening/part1/dataset01/q06.mp3,,,6,2026-08-09 17:24:00.807443,2026-08-09 17:24:00.807443,/listening/part1/images/q06.jpg,"Part 1 – Mẹo 6: Chú ý giới từ chỉ vị trí như on, under, beside, behind và in front of."
7,17,Question 07,/listening/part1/dataset01/q07.mp3,,,7,2026-08-09 17:24:00.807443,2026-08-09 17:24:00.807443,/listening/part1/images/q07.jpg,"Part 1 – Mẹo 7: Với ảnh có bàn ghế hoặc vật dụng, kiểm tra chính xác vị trí tương đối giữa các vật."
8,17,Question 08,/listening/part1/dataset01/q08.mp3,,,8,2026-08-09 17:24:00.807443,2026-08-09 17:24:00.807443,/listening/part1/images/q08.jpg,Part 1 – Mẹo 8: Phân biệt near và beside; near chỉ sự gần nhau còn beside thường thể hiện vị trí ngay bên cạnh.
9,5,Question 09,/listening/part1/dataset01/q09.mp3,,,9,2026-08-09 17:24:00.807443,2026-08-09 17:24:00.807443,/listening/part1/images/q09.jpg,"Part 1 – Mẹo 9: Nếu ảnh có phương tiện, chú ý các động từ như driving, riding, parking hoặc boarding."
10,13,Question 10,/listening/part1/dataset01/q10.mp3,,,10,2026-08-09 17:24:00.807443,2026-08-09 17:24:00.807443,/listening/part1/images/q10.jpg,Part 1 – Mẹo 10: Không suy diễn hành động không nhìn thấy rõ trong ảnh.
11,1,Question 11,/listening/part1/dataset01/q11.mp3,,,11,2026-08-09 17:24:00.807443,2026-08-09 17:24:00.807443,/listening/part1/images/q11.jpg,"Part 1 – Mẹo 11: Với ảnh văn phòng, tập trung vào hành động của nhân viên và vị trí các thiết bị."
12,9,Question 12,/listening/part1/dataset01/q12.mp3,,,12,2026-08-09 17:24:00.807443,2026-08-09 17:24:00.807443,/listening/part1/images/q12.jpg,Part 1 – Mẹo 12: Máy tính đang được sử dụng khác với máy tính chỉ xuất hiện trong ảnh.
305,4,Part 4 - Talk 05 - Museum Tour,/listening/part4/dataset01/g005.mp3,0.00,,5,2026-08-09 21:34:42.767896,2026-08-09 21:34:42.767896,,"Part 4 – Where: các địa danh, tòa nhà, phòng và khu vực thường là manh mối cho câu hỏi địa điểm."
306,4,Part 4 - Talk 06 - Train Announcement,/listening/part4/dataset01/g006.mp3,0.00,,6,2026-08-09 21:34:42.767896,2026-08-09 21:34:42.767896,,"Part 4 – When: chú ý tomorrow, later, next week, at noon và các mốc thời gian cụ thể."
308,4,Part 4 - Talk 08 - Hotel Notice,/listening/part4/dataset01/g008.mp3,0.00,,8,2026-08-09 21:34:42.767896,2026-08-09 21:34:42.767896,,Part 4 – What: tập trung vào danh từ và động từ chính để xác định sự việc được hỏi.
309,4,Part 4 - Talk 09 - Store Advertisement,/listening/part4/dataset01/g009.mp3,0.00,,9,2026-08-09 21:34:42.767896,2026-08-09 21:34:42.767896,,"Part 4 – Next action: hành động tiếp theo thường được báo hiệu bằng will, going to, plan to hoặc should."
310,4,Part 4 - Talk 10 - Company Training,/listening/part4/dataset01/g010.mp3,0.00,,10,2026-08-09 21:34:42.767896,2026-08-09 21:34:42.767896,,Part 4 – Detail: không cố ghi nhớ toàn bộ bài nói; chỉ tập trung vào thông tin liên quan câu hỏi.
312,4,Part 4 - Talk 12 - Airport Announcement,/listening/part4/dataset01/g012.mp3,0.00,,12,2026-08-09 21:34:42.767896,2026-08-09 21:34:42.767896,,"Part 4 – Context: xác định nhanh đây là thông báo, quảng cáo, hướng dẫn, bài phát biểu hay tin tức."
313,4,Part 4 - Talk 13 - Office Meeting,/listening/part4/dataset01/g013.mp3,0.00,,13,2026-08-09 21:34:42.767896,2026-08-09 21:34:42.767896,,"Part 4 – Numbers: nghe kỹ số tiền, số lượng, số phòng và số điện thoại vì chúng dễ gây nhầm."
314,4,Part 4 - Talk 14 - Restaurant Advertisement,/listening/part4/dataset01/g014.mp3,0.00,,14,2026-08-09 21:34:42.767896,2026-08-09 21:34:42.767896,,Part 4 – Dates: phân biệt ngày cụ thể với thời gian trong ngày hoặc thời hạn.
315,4,Part 4 - Talk 15 - Museum Tour,/listening/part4/dataset01/g015.mp3,0.00,,15,2026-08-09 21:34:42.767896,2026-08-09 21:34:42.767896,,"Part 4 – Prices: chú ý regular price, sale price, discount và total cost."
316,4,Part 4 - Talk 16 - Train Announcement,/listening/part4/dataset01/g016.mp3,0.00,,16,2026-08-09 21:34:42.767896,2026-08-09 21:34:42.767896,,"Part 4 – Schedule: chú ý start, finish, postpone, reschedule và cancel."
317,4,Part 4 - Talk 17 - Weather Report,/listening/part4/dataset01/g017.mp3,0.00,,17,2026-08-09 21:34:42.767896,2026-08-09 21:34:42.767896,,"Part 4 – Deadline: by, before, no later than thường chỉ hạn cuối."
59,9,Question 59,/listening/part1/dataset01/q59.mp3,,,59,2026-08-09 17:24:00.807443,2026-08-09 17:24:00.807443,/listening/part1/images/q59.jpg,"Part 1 – Mẹo 59: Nếu một người đang đẩy vật, chú ý pushing thay vì pulling."
60,9,Question 60,/listening/part1/dataset01/q60.mp3,,,60,2026-08-09 17:24:00.807443,2026-08-09 17:24:00.807443,/listening/part1/images/q60.jpg,"Part 1 – Mẹo 60: Nếu một người kéo vật, đáp án dùng pushing phải bị loại."
61,13,Question 61,/listening/part1/dataset01/q61.mp3,,,61,2026-08-09 17:24:00.807443,2026-08-09 17:24:00.807443,/listening/part1/images/q61.jpg,"Part 1 – Mẹo 61: Với ảnh thư viện, chú ý reading, studying, searching và shelving books."
62,17,Question 62,/listening/part1/dataset01/q62.mp3,,,62,2026-08-09 17:24:00.807443,2026-08-09 17:24:00.807443,/listening/part1/images/q62.jpg,Part 1 – Mẹo 62: Phân biệt reading a book với looking for a book trên kệ.
63,9,Question 63,/listening/part1/dataset01/q63.mp3,,,63,2026-08-09 17:24:00.807443,2026-08-09 17:24:00.807443,/listening/part1/images/q63.jpg,"Part 1 – Mẹo 63: Khi người đứng trước kệ sách, không mặc định họ đang reading."
64,1,Question 64,/listening/part1/dataset01/q64.mp3,,,64,2026-08-09 17:24:00.807443,2026-08-09 17:24:00.807443,/listening/part1/images/q64.jpg,"Part 1 – Mẹo 64: Với ảnh phòng học, chú ý writing, reading, listening và talking."
65,13,Question 65,/listening/part1/dataset01/q65.mp3,,,65,2026-08-09 17:24:00.807443,2026-08-09 17:24:00.807443,/listening/part1/images/q65.jpg,Part 1 – Mẹo 65: Phân biệt writing on paper với typing on a computer.
66,5,Question 66,/listening/part1/dataset01/q66.mp3,,,66,2026-08-09 17:24:00.807443,2026-08-09 17:24:00.807443,/listening/part1/images/q66.jpg,"Part 1 – Mẹo 66: Khi có bảng, chú ý writing on the board hoặc looking at the board."
67,9,Question 67,/listening/part1/dataset01/q67.mp3,,,67,2026-08-09 17:24:00.807443,2026-08-09 17:24:00.807443,/listening/part1/images/q67.jpg,"Part 1 – Mẹo 67: Với ảnh họp, chú ý sitting around a table và discussing."
68,17,Question 68,/listening/part1/dataset01/q68.mp3,,,68,2026-08-09 17:24:00.807443,2026-08-09 17:24:00.807443,/listening/part1/images/q68.jpg,Part 1 – Mẹo 68: Không chọn talking nếu hình không thể hiện rõ người đang nói.
69,1,Question 69,/listening/part1/dataset01/q69.mp3,,,69,2026-08-09 17:24:00.807443,2026-08-09 17:24:00.807443,/listening/part1/images/q69.jpg,"Part 1 – Mẹo 69: Nếu người đang nhìn tài liệu, phân biệt reading với holding a document."
70,5,Question 70,/listening/part1/dataset01/q70.mp3,,,70,2026-08-09 17:24:00.807443,2026-08-09 17:24:00.807443,/listening/part1/images/q70.jpg,Part 1 – Mẹo 70: Chú ý tay của nhân vật để xác định chính xác hành động.
71,17,Question 71,/listening/part1/dataset01/q71.mp3,,,71,2026-08-09 17:24:00.807443,2026-08-09 17:24:00.807443,/listening/part1/images/q71.jpg,"Part 1 – Mẹo 71: Với ảnh thiên nhiên, chú ý người đang walking, hiking hoặc looking at the scenery."
72,5,Question 72,/listening/part1/dataset01/q72.mp3,,,72,2026-08-09 17:24:00.807443,2026-08-09 17:24:00.807443,/listening/part1/images/q72.jpg,Part 1 – Mẹo 72: Phân biệt standing near với standing on một vị trí.
73,1,Question 73,/listening/part1/dataset01/q73.mp3,,,73,2026-08-09 17:24:00.807443,2026-08-09 17:24:00.807443,/listening/part1/images/q73.jpg,"Part 1 – Mẹo 73: Với cầu thang, chú ý walking up, walking down hoặc standing on the stairs."
74,13,Question 74,/listening/part1/dataset01/q74.mp3,,,74,2026-08-09 17:24:00.807443,2026-08-09 17:24:00.807443,/listening/part1/images/q74.jpg,"Part 1 – Mẹo 74: Với thang máy, phân biệt entering, exiting và waiting."
75,5,Question 75,/listening/part1/dataset01/q75.mp3,,,75,2026-08-09 17:24:00.807443,2026-08-09 17:24:00.807443,/listening/part1/images/q75.jpg,"Part 1 – Mẹo 75: Với cửa ra vào, chú ý hướng di chuyển của người."
76,5,Question 76,/listening/part1/dataset01/q76.mp3,,,76,2026-08-09 17:24:00.807443,2026-08-09 17:24:00.807443,/listening/part1/images/q76.jpg,"Part 1 – Mẹo 76: Với ảnh đường phố, chú ý crossing, walking along và waiting."
77,9,Question 77,/listening/part1/dataset01/q77.mp3,,,77,2026-08-09 17:24:00.807443,2026-08-09 17:24:00.807443,/listening/part1/images/q77.jpg,Part 1 – Mẹo 77: Không nhầm crossing the street với walking beside the street.
78,9,Question 78,/listening/part1/dataset01/q78.mp3,,,78,2026-08-09 17:24:00.807443,2026-08-09 17:24:00.807443,/listening/part1/images/q78.jpg,"Part 1 – Mẹo 78: Với người mang túi, phân biệt carrying a bag với placing a bag."
79,5,Question 79,/listening/part1/dataset01/q79.mp3,,,79,2026-08-09 17:24:00.807443,2026-08-09 17:24:00.807443,/listening/part1/images/q79.jpg,"Part 1 – Mẹo 79: Với hành lý, chú ý carrying, pulling hoặc loading luggage."
81,9,Question 81,/listening/part1/dataset01/q81.mp3,,,81,2026-08-09 17:24:00.807443,2026-08-09 17:24:00.807443,/listening/part1/images/q81.jpg,"Part 1 – Mẹo 81: Với ảnh phòng làm việc, xác định hoạt động chính trước rồi mới chú ý vật phụ."
82,1,Question 82,/listening/part1/dataset01/q82.mp3,,,82,2026-08-09 17:24:00.807443,2026-08-09 17:24:00.807443,/listening/part1/images/q82.jpg,Part 1 – Mẹo 82: Đáp án đúng thường mô tả hành động hoặc vị trí nổi bật nhất trong ảnh.
83,13,Question 83,/listening/part1/dataset01/q83.mp3,,,83,2026-08-09 17:24:00.807443,2026-08-09 17:24:00.807443,/listening/part1/images/q83.jpg,Part 1 – Mẹo 83: Cẩn thận với đáp án đúng một phần nhưng sai hành động chính.
84,9,Question 84,/listening/part1/dataset01/q84.mp3,,,84,2026-08-09 17:24:00.807443,2026-08-09 17:24:00.807443,/listening/part1/images/q84.jpg,"Part 1 – Mẹo 84: Nếu hai đáp án cùng nhắc một vật, hãy so sánh động từ."
85,13,Question 85,/listening/part1/dataset01/q85.mp3,,,85,2026-08-09 17:24:00.807443,2026-08-09 17:24:00.807443,/listening/part1/images/q85.jpg,"Part 1 – Mẹo 85: Nếu hai đáp án cùng nhắc một người, hãy so sánh hành động và vị trí."
86,1,Question 86,/listening/part1/dataset01/q86.mp3,,,86,2026-08-09 17:24:00.807443,2026-08-09 17:24:00.807443,/listening/part1/images/q86.jpg,"Part 1 – Mẹo 86: Khi nghe câu mô tả, hãy kiểm tra chủ ngữ có khớp với người trong ảnh không."
145,10,Part 2 - Question Response 045,/listening/part2/dataset01/q45.mp3,,,45,2026-08-09 20:15:34.476221,2026-08-09 20:15:34.476221,,Part 2 – Mẹo 45: Đừng nhầm Why với What for; cả hai đều có thể hỏi mục đích.
80,17,Question 80,/listening/part1/dataset01/q80.mp3,,,80,2026-08-09 17:24:00.807443,2026-08-09 17:24:00.807443,/listening/part1/images/q80.jpg,"Part 1 – Mẹo 80: Khi có vali có bánh xe, chú ý động tác pulling thay vì carrying."
87,17,Question 87,/listening/part1/dataset01/q87.mp3,,,87,2026-08-09 17:24:00.807443,2026-08-09 17:24:00.807443,/listening/part1/images/q87.jpg,"Part 1 – Mẹo 87: Phân biệt he, she, they và people dựa vào số lượng người trong ảnh."
88,5,Question 88,/listening/part1/dataset01/q88.mp3,,,88,2026-08-09 17:24:00.807443,2026-08-09 17:24:00.807443,/listening/part1/images/q88.jpg,Part 1 – Mẹo 88: Không chọn câu dùng they nếu ảnh chỉ có một người.
89,9,Question 89,/listening/part1/dataset01/q89.mp3,,,89,2026-08-09 17:24:00.807443,2026-08-09 17:24:00.807443,/listening/part1/images/q89.jpg,Part 1 – Mẹo 89: Không chọn câu dùng a man hoặc a woman nếu giới tính không phù hợp với ảnh.
90,1,Question 90,/listening/part1/dataset01/q90.mp3,,,90,2026-08-09 17:24:00.807443,2026-08-09 17:24:00.807443,/listening/part1/images/q90.jpg,"Part 1 – Mẹo 90: Khi ảnh có nhiều người, chú ý xem hành động được mô tả thuộc ai."
91,13,Question 91,/listening/part1/dataset01/q91.mp3,,,91,2026-08-09 17:24:00.807443,2026-08-09 17:24:00.807443,/listening/part1/images/q91.jpg,Part 1 – Mẹo 91: Cẩn thận với đáp án mô tả đúng địa điểm nhưng sai hành động.
92,1,Question 92,/listening/part1/dataset01/q92.mp3,,,92,2026-08-09 17:24:00.807443,2026-08-09 17:24:00.807443,/listening/part1/images/q92.jpg,Part 1 – Mẹo 92: Cẩn thận với đáp án mô tả đúng đồ vật nhưng sai vị trí.
93,13,Question 93,/listening/part1/dataset01/q93.mp3,,,93,2026-08-09 17:24:00.807443,2026-08-09 17:24:00.807443,/listening/part1/images/q93.jpg,Part 1 – Mẹo 93: Cẩn thận với đáp án mô tả đúng người nhưng sai tư thế.
94,13,Question 94,/listening/part1/dataset01/q94.mp3,,,94,2026-08-09 17:24:00.807443,2026-08-09 17:24:00.807443,/listening/part1/images/q94.jpg,Part 1 – Mẹo 94: Cẩn thận với đáp án dùng từ đồng nghĩa nhưng thay đổi ý nghĩa hành động.
95,5,Question 95,/listening/part1/dataset01/q95.mp3,,,95,2026-08-09 17:24:00.807443,2026-08-09 17:24:00.807443,/listening/part1/images/q95.jpg,"Part 1 – Mẹo 95: Khi nghe nhanh, hãy bắt động từ chính trước các chi tiết phụ."
96,5,Question 96,/listening/part1/dataset01/q96.mp3,,,96,2026-08-09 17:24:00.807443,2026-08-09 17:24:00.807443,/listening/part1/images/q96.jpg,"Part 1 – Mẹo 96: Nếu bỏ lỡ một từ, dùng hình ảnh và phần còn lại của câu để kiểm tra."
97,13,Question 97,/listening/part1/dataset01/q97.mp3,,,97,2026-08-09 17:24:00.807443,2026-08-09 17:24:00.807443,/listening/part1/images/q97.jpg,"Part 1 – Mẹo 97: Không cần hiểu từng từ; chỉ cần xác định đúng người, hành động và vị trí."
98,5,Question 98,/listening/part1/dataset01/q98.mp3,,,98,2026-08-09 17:24:00.807443,2026-08-09 17:24:00.807443,/listening/part1/images/q98.jpg,"Part 1 – Mẹo 98: Nếu câu nghe có vẻ hợp lý nhưng không khớp hình, luôn ưu tiên hình ảnh."
99,13,Question 99,/listening/part1/dataset01/q99.mp3,,,99,2026-08-09 17:24:00.807443,2026-08-09 17:24:00.807443,/listening/part1/images/q99.jpg,"Part 1 – Mẹo 99: Đáp án Part 1 phải là mô tả trực tiếp về hình, không phải suy luận về câu chuyện."
100,5,Question 100,/listening/part1/dataset01/q100.mp3,,,100,2026-08-09 17:24:00.807443,2026-08-09 17:24:00.807443,/listening/part1/images/q10.jpg,Part 1 – Mẹo 100: Quy trình nhanh: xác định chủ thể → hành động → vị trí → loại đáp án sai → chọn câu khớp nhất.
307,4,Part 4 - Talk 07 - Weather Report,/listening/part4/dataset01/g007.mp3,0.00,,7,2026-08-09 21:34:42.767896,2026-08-09 21:34:42.767896,,"Part 4 – Why: tìm các từ because, due to, since và therefore để xác định nguyên nhân."
201,3,Part 3 - Conversation 01,/listening/part3/dataset01/g001.mp3,0.00,,1,2026-08-09 21:13:23.227169,2026-08-09 21:13:23.227169,,Part 3 – Main idea: nghe câu đầu để xác định chủ đề chính của cuộc hội thoại.
311,4,Part 4 - Talk 11 - Library Announcement,/listening/part4/dataset01/g011.mp3,0.00,,11,2026-08-09 21:34:42.767896,2026-08-09 21:34:42.767896,,Part 4 – Opening clue: câu đầu thường cho biết loại bài nói và bối cảnh.
318,4,Part 4 - Talk 18 - Hotel Notice,/listening/part4/dataset01/g018.mp3,0.00,,18,2026-08-09 21:34:42.767896,2026-08-09 21:34:42.767896,,"Part 4 – Duration: for, during, throughout và until giúp xác định thời lượng."
319,4,Part 4 - Talk 19 - Store Advertisement,/listening/part4/dataset01/g019.mp3,0.00,,19,2026-08-09 21:34:42.767896,2026-08-09 21:34:42.767896,,"Part 4 – Frequency: daily, weekly, monthly, regularly giúp xác định tần suất."
203,3,Part 3 - Conversation 03,/listening/part3/dataset01/g003.mp3,0.00,,3,2026-08-09 21:13:23.227169,2026-08-09 21:13:23.227169,,"Part 3 – Location: nghe các từ chỉ địa điểm như office, store, station, room để xác định nơi chốn."
320,4,Part 4 - Talk 20 - Company Training,/listening/part4/dataset01/g020.mp3,0.00,,20,2026-08-09 21:34:42.767896,2026-08-09 21:34:42.767896,,"Part 4 – Sequence: first, next, then, finally giúp theo dõi trình tự thông tin."
117,2,Part 2 - Question Response 017,/listening/part2/dataset01/q17.mp3,,,17,2026-08-09 20:15:34.476221,2026-08-09 20:15:34.476221,,"Part 2 – Mẹo 17: Với Whom, câu trả lời thường chỉ người nhận hoặc đối tượng của hành động."
118,2,Part 2 - Question Response 018,/listening/part2/dataset01/q18.mp3,,,18,2026-08-09 20:15:34.476221,2026-08-09 20:15:34.476221,,"Part 2 – Mẹo 18: Với Whose + danh từ, hãy tìm người sở hữu chứ không tìm địa điểm."
119,2,Part 2 - Question Response 019,/listening/part2/dataset01/q19.mp3,,,19,2026-08-09 20:15:34.476221,2026-08-09 20:15:34.476221,,"Part 2 – Mẹo 19: Khi câu hỏi chứa tên người, không nhất thiết đáp án phải nhắc lại tên đó."
120,2,Part 2 - Question Response 020,/listening/part2/dataset01/q20.mp3,,,20,2026-08-09 20:15:34.476221,2026-08-09 20:15:34.476221,,Part 2 – Mẹo 20: Đừng chờ đáp án lặp nguyên từ trong câu hỏi; TOEIC thường dùng cách diễn đạt khác.
121,6,Part 2 - Question Response 021,/listening/part2/dataset01/q21.mp3,,,21,2026-08-09 20:15:34.476221,2026-08-09 20:15:34.476221,,"Part 2 – Mẹo 21: Với câu hỏi Yes/No, đáp án đúng có thể không bắt đầu bằng Yes hoặc No."
122,6,Part 2 - Question Response 022,/listening/part2/dataset01/q22.mp3,,,22,2026-08-09 20:15:34.476221,2026-08-09 20:15:34.476221,,Part 2 – Mẹo 22: Một câu trả lời gián tiếp vẫn đúng nếu nó trả lời đúng ý câu hỏi.
123,6,Part 2 - Question Response 023,/listening/part2/dataset01/q23.mp3,,,23,2026-08-09 20:15:34.476221,2026-08-09 20:15:34.476221,,"Part 2 – Mẹo 23: Với Are you...?, câu trả lời có thể cung cấp thông tin thay vì nói Yes/No trực tiếp."
124,6,Part 2 - Question Response 024,/listening/part2/dataset01/q24.mp3,,,24,2026-08-09 20:15:34.476221,2026-08-09 20:15:34.476221,,"Part 2 – Mẹo 24: Với Did you...?, hãy chú ý xem người nói có xác nhận hoặc phủ nhận hành động hay không."
125,6,Part 2 - Question Response 025,/listening/part2/dataset01/q25.mp3,,,25,2026-08-09 20:15:34.476221,2026-08-09 20:15:34.476221,,"Part 2 – Mẹo 25: Với Will you...?, câu trả lời thường nói về ý định hoặc kế hoạch."
126,6,Part 2 - Question Response 026,/listening/part2/dataset01/q26.mp3,,,26,2026-08-09 20:15:34.476221,2026-08-09 20:15:34.476221,,"Part 2 – Mẹo 26: Với Can you...?, câu trả lời thường thể hiện khả năng hoặc sự đồng ý thực hiện."
127,6,Part 2 - Question Response 027,/listening/part2/dataset01/q27.mp3,,,27,2026-08-09 20:15:34.476221,2026-08-09 20:15:34.476221,,"Part 2 – Mẹo 27: Với Could you...?, hãy hiểu đây thường là một lời yêu cầu lịch sự."
128,6,Part 2 - Question Response 028,/listening/part2/dataset01/q28.mp3,,,28,2026-08-09 20:15:34.476221,2026-08-09 20:15:34.476221,,"Part 2 – Mẹo 28: Với Would you...?, hãy xem câu trả lời có chấp nhận hoặc từ chối lời đề nghị hay không."
129,6,Part 2 - Question Response 029,/listening/part2/dataset01/q29.mp3,,,29,2026-08-09 20:15:34.476221,2026-08-09 20:15:34.476221,,"Part 2 – Mẹo 29: Với Should we...?, đáp án thường đưa ra đề xuất hoặc ý kiến."
130,6,Part 2 - Question Response 030,/listening/part2/dataset01/q30.mp3,,,30,2026-08-09 20:15:34.476221,2026-08-09 20:15:34.476221,,"Part 2 – Mẹo 30: Với Shall we...?, hãy tìm đáp án thể hiện sự đồng ý hoặc đề xuất hành động."
131,6,Part 2 - Question Response 031,/listening/part2/dataset01/q31.mp3,,,31,2026-08-09 20:15:34.476221,2026-08-09 20:15:34.476221,,Part 2 – Mẹo 31: Cẩn thận với đáp án chứa cùng từ khóa nhưng không trả lời đúng câu hỏi.
132,6,Part 2 - Question Response 032,/listening/part2/dataset01/q32.mp3,,,32,2026-08-09 20:15:34.476221,2026-08-09 20:15:34.476221,,Part 2 – Mẹo 32: Không chọn đáp án chỉ vì nó lặp lại một danh từ trong câu hỏi.
133,6,Part 2 - Question Response 033,/listening/part2/dataset01/q33.mp3,,,33,2026-08-09 20:15:34.476221,2026-08-09 20:15:34.476221,,"Part 2 – Mẹo 33: Nếu câu hỏi là Where, đáp án chứa thời gian thường là bẫy."
135,6,Part 2 - Question Response 035,/listening/part2/dataset01/q35.mp3,,,35,2026-08-09 20:15:34.476221,2026-08-09 20:15:34.476221,,"Part 2 – Mẹo 35: Nếu câu hỏi là Who, đáp án chỉ địa điểm thường không phù hợp."
136,6,Part 2 - Question Response 036,/listening/part2/dataset01/q36.mp3,,,36,2026-08-09 20:15:34.476221,2026-08-09 20:15:34.476221,,"Part 2 – Mẹo 36: Nếu câu hỏi là Why, đáp án chỉ thời gian thường không trả lời đúng ý."
137,6,Part 2 - Question Response 037,/listening/part2/dataset01/q37.mp3,,,37,2026-08-09 20:15:34.476221,2026-08-09 20:15:34.476221,,"Part 2 – Mẹo 37: Nếu câu hỏi hỏi số lượng, đáp án chỉ địa điểm thường là distractor."
138,6,Part 2 - Question Response 038,/listening/part2/dataset01/q38.mp3,,,38,2026-08-09 20:15:34.476221,2026-08-09 20:15:34.476221,,"Part 2 – Mẹo 38: Nếu câu hỏi hỏi giá, chú ý các đáp án chỉ thời gian hoặc địa điểm."
139,6,Part 2 - Question Response 039,/listening/part2/dataset01/q39.mp3,,,39,2026-08-09 20:15:34.476221,2026-08-09 20:15:34.476221,,Part 2 – Mẹo 39: Hãy loại đáp án sai loại thông tin trước khi xét nội dung chi tiết.
140,6,Part 2 - Question Response 040,/listening/part2/dataset01/q40.mp3,,,40,2026-08-09 20:15:34.476221,2026-08-09 20:15:34.476221,,"Part 2 – Mẹo 40: Trong Part 2, loại nhanh hai đáp án sai dạng thường giúp tăng tốc độ làm bài."
141,10,Part 2 - Question Response 041,/listening/part2/dataset01/q41.mp3,,,41,2026-08-09 20:15:34.476221,2026-08-09 20:15:34.476221,,"Part 2 – Mẹo 41: Câu hỏi bắt đầu bằng Why thường được trả lời bằng because, to + verb hoặc một lý do tương đương."
142,10,Part 2 - Question Response 042,/listening/part2/dataset01/q42.mp3,,,42,2026-08-09 20:15:34.476221,2026-08-09 20:15:34.476221,,Part 2 – Mẹo 42: Why có thể được trả lời bằng mục đích thay vì nguyên nhân trực tiếp.
143,10,Part 2 - Question Response 043,/listening/part2/dataset01/q43.mp3,,,43,2026-08-09 20:15:34.476221,2026-08-09 20:15:34.476221,,Part 2 – Mẹo 43: Why don’t we...? thường là lời đề xuất chứ không phải câu hỏi nguyên nhân.
144,10,Part 2 - Question Response 044,/listening/part2/dataset01/q44.mp3,,,44,2026-08-09 20:15:34.476221,2026-08-09 20:15:34.476221,,"Part 2 – Mẹo 44: Với Why don’t you...?, đáp án có thể đưa ra lời khuyên hoặc lý do."
146,10,Part 2 - Question Response 046,/listening/part2/dataset01/q46.mp3,,,46,2026-08-09 20:15:34.476221,2026-08-09 20:15:34.476221,,"Part 2 – Mẹo 46: Với What for?, hãy tìm mục đích của hành động."
147,10,Part 2 - Question Response 047,/listening/part2/dataset01/q47.mp3,,,47,2026-08-09 20:15:34.476221,2026-08-09 20:15:34.476221,,"Part 2 – Mẹo 47: Nếu câu hỏi hỏi lý do, hãy chú ý các từ because, since, due to hoặc so."
148,10,Part 2 - Question Response 048,/listening/part2/dataset01/q48.mp3,,,48,2026-08-09 20:15:34.476221,2026-08-09 20:15:34.476221,,Part 2 – Mẹo 48: Câu trả lời gián tiếp về nguyên nhân vẫn có thể là đáp án đúng.
149,10,Part 2 - Question Response 049,/listening/part2/dataset01/q49.mp3,,,49,2026-08-09 20:15:34.476221,2026-08-09 20:15:34.476221,,Part 2 – Mẹo 49: Không cần nghe toàn bộ câu trả lời nếu phần đầu đã xác định rõ lý do.
150,10,Part 2 - Question Response 050,/listening/part2/dataset01/q50.mp3,,,50,2026-08-09 20:15:34.476221,2026-08-09 20:15:34.476221,,"Part 2 – Mẹo 50: Với Why, luôn kiểm tra quan hệ nguyên nhân–kết quả thay vì chỉ bắt từ khóa."
151,10,Part 2 - Question Response 051,/listening/part2/dataset01/q51.mp3,,,51,2026-08-09 20:15:34.476221,2026-08-09 20:15:34.476221,,"Part 2 – Mẹo 51: Với Where, chú ý tên tòa nhà, phòng, tầng, khu vực và địa điểm."
152,10,Part 2 - Question Response 052,/listening/part2/dataset01/q52.mp3,,,52,2026-08-09 20:15:34.476221,2026-08-09 20:15:34.476221,,"Part 2 – Mẹo 52: Where có thể được trả lời bằng giới từ chỉ vị trí như at, in, on hoặc near."
330,8,Part 4 - Talk 30 - Company Training,/listening/part4/dataset01/g030.mp3,0.00,,30,2026-08-09 21:34:42.767896,2026-08-09 21:34:42.767896,,"Part 4 – Warning: chú ý các từ caution, warning, please do not và prohibited."
331,8,Part 4 - Talk 31 - Library Announcement,/listening/part4/dataset01/g031.mp3,0.00,,31,2026-08-09 21:34:42.767896,2026-08-09 21:34:42.767896,,"Part 4 – Airport announcement: tập trung vào flight number, destination, gate và departure time."
332,8,Part 4 - Talk 32 - Airport Announcement,/listening/part4/dataset01/g032.mp3,0.00,,32,2026-08-09 21:34:42.767896,2026-08-09 21:34:42.767896,,Part 4 – Flight delay: chú ý revised departure time và reason for delay.
153,10,Part 2 - Question Response 053,/listening/part2/dataset01/q53.mp3,,,53,2026-08-09 20:15:34.476221,2026-08-09 20:15:34.476221,,"Part 2 – Mẹo 53: Nếu Where được hỏi trong ngữ cảnh công việc, đáp án có thể là tên phòng hoặc bộ phận."
154,10,Part 2 - Question Response 054,/listening/part2/dataset01/q54.mp3,,,54,2026-08-09 20:15:34.476221,2026-08-09 20:15:34.476221,,"Part 2 – Mẹo 54: Nếu Where được hỏi về sự kiện, hãy tìm địa điểm tổ chức."
155,10,Part 2 - Question Response 055,/listening/part2/dataset01/q55.mp3,,,55,2026-08-09 20:15:34.476221,2026-08-09 20:15:34.476221,,Part 2 – Mẹo 55: Cẩn thận với đáp án có tên địa điểm nhưng không phù hợp với ngữ cảnh.
156,10,Part 2 - Question Response 056,/listening/part2/dataset01/q56.mp3,,,56,2026-08-09 20:15:34.476221,2026-08-09 20:15:34.476221,,Part 2 – Mẹo 56: Địa điểm có thể được nói bằng cách diễn đạt khác với đáp án.
157,10,Part 2 - Question Response 057,/listening/part2/dataset01/q57.mp3,,,57,2026-08-09 20:15:34.476221,2026-08-09 20:15:34.476221,,Part 2 – Mẹo 57: Phân biệt where với where to; câu sau thường hỏi điểm đến.
158,10,Part 2 - Question Response 058,/listening/part2/dataset01/q58.mp3,,,58,2026-08-09 20:15:34.476221,2026-08-09 20:15:34.476221,,Part 2 – Mẹo 58: Với Where should I...? câu trả lời thường là địa điểm hoặc hướng dẫn nơi cần đến.
159,10,Part 2 - Question Response 059,/listening/part2/dataset01/q59.mp3,,,59,2026-08-09 20:15:34.476221,2026-08-09 20:15:34.476221,,Part 2 – Mẹo 59: Với Where can I...? câu trả lời thường chỉ nơi có thể thực hiện một việc.
160,10,Part 2 - Question Response 060,/listening/part2/dataset01/q60.mp3,,,60,2026-08-09 20:15:34.476221,2026-08-09 20:15:34.476221,,"Part 2 – Mẹo 60: Khi nghe Where, bỏ qua ngay các đáp án thuần thời gian nếu chúng không có thông tin vị trí."
161,14,Part 2 - Question Response 061,/listening/part2/dataset01/q61.mp3,,,61,2026-08-09 20:15:34.476221,2026-08-09 20:15:34.476221,,"Part 2 – Mẹo 61: Với When, chú ý tomorrow, today, next week, this afternoon và các cụm thời gian tương tự."
162,14,Part 2 - Question Response 062,/listening/part2/dataset01/q62.mp3,,,62,2026-08-09 20:15:34.476221,2026-08-09 20:15:34.476221,,"Part 2 – Mẹo 62: Khi hỏi thời gian, đáp án có thể dùng cách diễn đạt tương đương thay vì lặp lại câu hỏi."
163,14,Part 2 - Question Response 063,/listening/part2/dataset01/q63.mp3,,,63,2026-08-09 20:15:34.476221,2026-08-09 20:15:34.476221,,"Part 2 – Mẹo 63: Phân biệt at three với in three hours; một là thời điểm, một là khoảng thời gian."
164,14,Part 2 - Question Response 064,/listening/part2/dataset01/q64.mp3,,,64,2026-08-09 20:15:34.476221,2026-08-09 20:15:34.476221,,Part 2 – Mẹo 64: Phân biệt on Monday với next Monday dựa vào ngữ cảnh.
165,14,Part 2 - Question Response 065,/listening/part2/dataset01/q65.mp3,,,65,2026-08-09 20:15:34.476221,2026-08-09 20:15:34.476221,,"Part 2 – Mẹo 65: Với When will..., câu trả lời thường nói về thời điểm tương lai."
166,14,Part 2 - Question Response 066,/listening/part2/dataset01/q66.mp3,,,66,2026-08-09 20:15:34.476221,2026-08-09 20:15:34.476221,,"Part 2 – Mẹo 66: Với When did..., câu trả lời thường đề cập một thời điểm trong quá khứ."
167,14,Part 2 - Question Response 067,/listening/part2/dataset01/q67.mp3,,,67,2026-08-09 20:15:34.476221,2026-08-09 20:15:34.476221,,"Part 2 – Mẹo 67: Với When are..., chú ý lịch trình hoặc thời điểm đã được sắp xếp."
168,14,Part 2 - Question Response 068,/listening/part2/dataset01/q68.mp3,,,68,2026-08-09 20:15:34.476221,2026-08-09 20:15:34.476221,,Part 2 – Mẹo 68: Cẩn thận với đáp án chứa địa điểm vì đây là distractor phổ biến của When.
169,14,Part 2 - Question Response 069,/listening/part2/dataset01/q69.mp3,,,69,2026-08-09 20:15:34.476221,2026-08-09 20:15:34.476221,,"Part 2 – Mẹo 69: Khi nghe mốc thời gian, chú ý số và đơn vị như days, weeks, months."
170,14,Part 2 - Question Response 070,/listening/part2/dataset01/q70.mp3,,,70,2026-08-09 20:15:34.476221,2026-08-09 20:15:34.476221,,"Part 2 – Mẹo 70: Nếu không nghe rõ con số, hãy dùng ngữ cảnh để xác định khoảng thời gian phù hợp."
171,14,Part 2 - Question Response 071,/listening/part2/dataset01/q71.mp3,,,71,2026-08-09 20:15:34.476221,2026-08-09 20:15:34.476221,,"Part 2 – Mẹo 71: Với What, xác định danh từ hoặc động từ đứng sau What để biết chính xác đang hỏi gì."
172,14,Part 2 - Question Response 072,/listening/part2/dataset01/q72.mp3,,,72,2026-08-09 20:15:34.476221,2026-08-09 20:15:34.476221,,Part 2 – Mẹo 72: What time và What date phải được xử lý như câu hỏi thời gian riêng.
173,14,Part 2 - Question Response 073,/listening/part2/dataset01/q73.mp3,,,73,2026-08-09 20:15:34.476221,2026-08-09 20:15:34.476221,,Part 2 – Mẹo 73: What kind of thường hỏi loại hoặc chủng loại của một vật hay dịch vụ.
174,14,Part 2 - Question Response 074,/listening/part2/dataset01/q74.mp3,,,74,2026-08-09 20:15:34.476221,2026-08-09 20:15:34.476221,,Part 2 – Mẹo 74: What type of cũng hỏi loại; hãy tìm danh từ mô tả nhóm sản phẩm hoặc dịch vụ.
333,8,Part 4 - Talk 33 - Office Meeting,/listening/part4/dataset01/g033.mp3,0.00,,33,2026-08-09 21:34:42.767896,2026-08-09 21:34:42.767896,,"Part 4 – Boarding: listen for boarding time, gate number và passenger groups."
175,14,Part 2 - Question Response 075,/listening/part2/dataset01/q75.mp3,,,75,2026-08-09 20:15:34.476221,2026-08-09 20:15:34.476221,,Part 2 – Mẹo 75: What happened? thường yêu cầu mô tả sự việc hoặc vấn đề xảy ra.
176,14,Part 2 - Question Response 076,/listening/part2/dataset01/q76.mp3,,,76,2026-08-09 20:15:34.476221,2026-08-09 20:15:34.476221,,Part 2 – Mẹo 76: What do you think...? thường yêu cầu ý kiến hoặc đánh giá.
177,14,Part 2 - Question Response 077,/listening/part2/dataset01/q77.mp3,,,77,2026-08-09 20:15:34.476221,2026-08-09 20:15:34.476221,,Part 2 – Mẹo 77: What should we...? thường yêu cầu đề xuất hoặc hành động tiếp theo.
178,14,Part 2 - Question Response 078,/listening/part2/dataset01/q78.mp3,,,78,2026-08-09 20:15:34.476221,2026-08-09 20:15:34.476221,,Part 2 – Mẹo 78: What are you doing...? thường hỏi hành động hiện tại.
179,14,Part 2 - Question Response 079,/listening/part2/dataset01/q79.mp3,,,79,2026-08-09 20:15:34.476221,2026-08-09 20:15:34.476221,,Part 2 – Mẹo 79: What did you do...? thường hỏi hành động đã xảy ra.
180,14,Part 2 - Question Response 080,/listening/part2/dataset01/q80.mp3,,,80,2026-08-09 20:15:34.476221,2026-08-09 20:15:34.476221,,Part 2 – Mẹo 80: What will you do...? thường hỏi kế hoạch hoặc hành động tương lai.
181,18,Part 2 - Question Response 081,/listening/part2/dataset01/q81.mp3,,,81,2026-08-09 20:15:34.476221,2026-08-09 20:15:34.476221,,"Part 2 – Mẹo 81: Với How many, nghe kỹ số lượng và chú ý danh từ đếm được."
182,18,Part 2 - Question Response 082,/listening/part2/dataset01/q82.mp3,,,82,2026-08-09 20:15:34.476221,2026-08-09 20:15:34.476221,,"Part 2 – Mẹo 82: Với How much, kiểm tra xem câu hỏi đang hỏi giá hay lượng của một chất."
183,18,Part 2 - Question Response 083,/listening/part2/dataset01/q83.mp3,,,83,2026-08-09 20:15:34.476221,2026-08-09 20:15:34.476221,,"Part 2 – Mẹo 83: How long có thể hỏi thời lượng của cuộc họp, chuyến đi hoặc sự kiện."
184,18,Part 2 - Question Response 084,/listening/part2/dataset01/q84.mp3,,,84,2026-08-09 20:15:34.476221,2026-08-09 20:15:34.476221,,"Part 2 – Mẹo 84: How often yêu cầu tần suất, thường có once, twice, every hoặc each."
185,18,Part 2 - Question Response 085,/listening/part2/dataset01/q85.mp3,,,85,2026-08-09 20:15:34.476221,2026-08-09 20:15:34.476221,,"Part 2 – Mẹo 85: How far hỏi khoảng cách, không phải thời lượng di chuyển."
186,18,Part 2 - Question Response 086,/listening/part2/dataset01/q86.mp3,,,86,2026-08-09 20:15:34.476221,2026-08-09 20:15:34.476221,,Part 2 – Mẹo 86: How soon hỏi thời gian còn lại trước khi một việc xảy ra.
187,18,Part 2 - Question Response 087,/listening/part2/dataset01/q87.mp3,,,87,2026-08-09 20:15:34.476221,2026-08-09 20:15:34.476221,,Part 2 – Mẹo 87: How late có thể hỏi thời điểm muộn nhất hoặc mức độ trễ.
188,18,Part 2 - Question Response 088,/listening/part2/dataset01/q88.mp3,,,88,2026-08-09 20:15:34.476221,2026-08-09 20:15:34.476221,,Part 2 – Mẹo 88: How early có thể hỏi thời điểm sớm hoặc mức độ sớm.
189,18,Part 2 - Question Response 089,/listening/part2/dataset01/q89.mp3,,,89,2026-08-09 20:15:34.476221,2026-08-09 20:15:34.476221,,Part 2 – Mẹo 89: How do I...? thường hỏi phương pháp hoặc cách thực hiện một việc.
190,18,Part 2 - Question Response 090,/listening/part2/dataset01/q90.mp3,,,90,2026-08-09 20:15:34.476221,2026-08-09 20:15:34.476221,,"Part 2 – Mẹo 90: Với How can I...?, câu trả lời thường đưa ra cách thức hoặc hướng dẫn."
191,18,Part 2 - Question Response 091,/listening/part2/dataset01/q91.mp3,,,91,2026-08-09 20:15:34.476221,2026-08-09 20:15:34.476221,,"Part 2 – Mẹo 91: Chú ý thì của câu hỏi để hiểu đáp án đang nói về quá khứ, hiện tại hay tương lai."
192,18,Part 2 - Question Response 092,/listening/part2/dataset01/q92.mp3,,,92,2026-08-09 20:15:34.476221,2026-08-09 20:15:34.476221,,Part 2 – Mẹo 92: Câu hỏi quá khứ thường có did hoặc động từ ở quá khứ.
193,18,Part 2 - Question Response 093,/listening/part2/dataset01/q93.mp3,,,93,2026-08-09 20:15:34.476221,2026-08-09 20:15:34.476221,,Part 2 – Mẹo 93: Câu hỏi tương lai thường có will hoặc be going to.
194,18,Part 2 - Question Response 094,/listening/part2/dataset01/q94.mp3,,,94,2026-08-09 20:15:34.476221,2026-08-09 20:15:34.476221,,Part 2 – Mẹo 94: Câu hỏi hiện tại tiếp diễn thường hỏi hoạt động đang diễn ra hoặc kế hoạch gần.
195,18,Part 2 - Question Response 095,/listening/part2/dataset01/q95.mp3,,,95,2026-08-09 20:15:34.476221,2026-08-09 20:15:34.476221,,Part 2 – Mẹo 95: Chú ý đại từ trong câu hỏi để xác định ai là người thực hiện hành động.
196,18,Part 2 - Question Response 096,/listening/part2/dataset01/q96.mp3,,,96,2026-08-09 20:15:34.476221,2026-08-09 20:15:34.476221,,Part 2 – Mẹo 96: Đáp án đúng có thể dùng từ đồng nghĩa thay cho từ xuất hiện trong câu hỏi.
197,18,Part 2 - Question Response 097,/listening/part2/dataset01/q97.mp3,,,97,2026-08-09 20:15:34.476221,2026-08-09 20:15:34.476221,,"Part 2 – Mẹo 97: Nếu nghe không rõ toàn bộ câu, hãy bắt từ để hỏi và động từ chính trước."
198,18,Part 2 - Question Response 098,/listening/part2/dataset01/q98.mp3,,,98,2026-08-09 20:15:34.476221,2026-08-09 20:15:34.476221,,Part 2 – Mẹo 98: Không dừng quá lâu ở một câu; Part 2 yêu cầu phản xạ nhanh.
199,18,Part 2 - Question Response 099,/listening/part2/dataset01/q99.mp3,,,99,2026-08-09 20:15:34.476221,2026-08-09 20:15:34.476221,,"Part 2 – Mẹo 99: Khi phân vân, ưu tiên đáp án trả lời đúng loại thông tin và phù hợp ngữ cảnh."
200,18,Part 2 - Question Response 100,/listening/part2/dataset01/q100.mp3,,,100,2026-08-09 20:15:34.476221,2026-08-09 20:15:34.476221,,Part 2 – Mẹo 100: Quy trình nhanh: nghe từ để hỏi → xác định loại thông tin → loại bẫy → chọn đáp án trực tiếp hoặc gián tiếp phù hợp.
334,8,Part 4 - Talk 34 - Restaurant Advertisement,/listening/part4/dataset01/g034.mp3,0.00,,34,2026-08-09 21:34:42.767896,2026-08-09 21:34:42.767896,,Part 4 – Transportation: phân biệt departure với arrival và platform với station.
335,8,Part 4 - Talk 35 - Museum Tour,/listening/part4/dataset01/g035.mp3,0.00,,35,2026-08-09 21:34:42.767896,2026-08-09 21:34:42.767896,,"Part 4 – Train announcement: chú ý platform, destination, departure và delay."
336,8,Part 4 - Talk 36 - Train Announcement,/listening/part4/dataset01/g036.mp3,0.00,,36,2026-08-09 21:34:42.767896,2026-08-09 21:34:42.767896,,"Part 4 – Hotel notice: chú ý check-in, check-out, room service và hotel facilities."
337,8,Part 4 - Talk 37 - Weather Report,/listening/part4/dataset01/g037.mp3,0.00,,37,2026-08-09 21:34:42.767896,2026-08-09 21:34:42.767896,,"Part 4 – Restaurant advertisement: chú ý menu, special dishes, opening hours và reservation."
338,8,Part 4 - Talk 38 - Hotel Notice,/listening/part4/dataset01/g038.mp3,0.00,,38,2026-08-09 21:34:42.767896,2026-08-09 21:34:42.767896,,"Part 4 – Museum tour: chú ý exhibit, floor, entrance và tour schedule."
339,8,Part 4 - Talk 39 - Store Advertisement,/listening/part4/dataset01/g039.mp3,0.00,,39,2026-08-09 21:34:42.767896,2026-08-09 21:34:42.767896,,"Part 4 – Library announcement: chú ý opening hours, borrowed items, return dates và membership."
211,3,Part 3 - Conversation 11,/listening/part3/dataset01/g011.mp3,0.00,,11,2026-08-09 21:13:23.227169,2026-08-09 21:13:23.227169,,Part 3 – Next action: câu hỏi “What will the speaker do next?” thường được trả lời bằng hành động được đề cập ở cuối đoạn.
340,8,Part 4 - Talk 40 - Company Training,/listening/part4/dataset01/g040.mp3,0.00,,40,2026-08-09 21:34:42.767896,2026-08-09 21:34:42.767896,,"Part 4 – Store announcement: chú ý sale items, store hours, location và customer services."
341,12,Part 4 - Talk 41 - Library Announcement,/listening/part4/dataset01/g041.mp3,0.00,,41,2026-08-09 21:34:42.767896,2026-08-09 21:34:42.767896,,Part 4 – Office presentation: xác định chủ đề công việc ngay từ phần giới thiệu.
342,12,Part 4 - Talk 42 - Airport Announcement,/listening/part4/dataset01/g042.mp3,0.00,,42,2026-08-09 21:34:42.767896,2026-08-09 21:34:42.767896,,"Part 4 – Meeting announcement: chú ý participants, agenda, location và meeting time."
343,12,Part 4 - Talk 43 - Office Meeting,/listening/part4/dataset01/g043.mp3,0.00,,43,2026-08-09 21:34:42.767896,2026-08-09 21:34:42.767896,,"Part 4 – Training: chú ý kỹ năng, thời gian đào tạo và người tham gia."
344,12,Part 4 - Talk 44 - Restaurant Advertisement,/listening/part4/dataset01/g044.mp3,0.00,,44,2026-08-09 21:34:42.767896,2026-08-09 21:34:42.767896,,"Part 4 – Company policy: chú ý must, have to, required và prohibited."
345,12,Part 4 - Talk 45 - Museum Tour,/listening/part4/dataset01/g045.mp3,0.00,,45,2026-08-09 21:34:42.767896,2026-08-09 21:34:42.767896,,Part 4 – Workplace procedure: nghe các bước thực hiện theo đúng thứ tự.
346,12,Part 4 - Talk 46 - Train Announcement,/listening/part4/dataset01/g046.mp3,0.00,,46,2026-08-09 21:34:42.767896,2026-08-09 21:34:42.767896,,"Part 4 – Instructions: các động từ mệnh lệnh như press, turn, enter, submit thường là từ khóa."
347,12,Part 4 - Talk 47 - Weather Report,/listening/part4/dataset01/g047.mp3,0.00,,47,2026-08-09 21:34:42.767896,2026-08-09 21:34:42.767896,,Part 4 – Process: xác định bước đầu tiên và bước cuối cùng để tránh nhầm trình tự.
348,12,Part 4 - Talk 48 - Hotel Notice,/listening/part4/dataset01/g048.mp3,0.00,,48,2026-08-09 21:34:42.767896,2026-08-09 21:34:42.767896,,"Part 4 – Equipment instructions: chú ý cách sử dụng, lỗi và cách xử lý thiết bị."
349,12,Part 4 - Talk 49 - Store Advertisement,/listening/part4/dataset01/g049.mp3,0.00,,49,2026-08-09 21:34:42.767896,2026-08-09 21:34:42.767896,,"Part 4 – Safety instructions: chú ý warning, emergency, safety và protective equipment."
350,12,Part 4 - Talk 50 - Company Training,/listening/part4/dataset01/g050.mp3,0.00,,50,2026-08-09 21:34:42.767896,2026-08-09 21:34:42.767896,,Part 4 – Employee notice: xác định hành động nhân viên cần thực hiện.
351,12,Part 4 - Talk 51 - Library Announcement,/listening/part4/dataset01/g051.mp3,0.00,,51,2026-08-09 21:34:42.767896,2026-08-09 21:34:42.767896,,"Part 4 – Weather report: chú ý temperature, conditions, forecast và precipitation."
352,12,Part 4 - Talk 52 - Airport Announcement,/listening/part4/dataset01/g052.mp3,0.00,,52,2026-08-09 21:34:42.767896,2026-08-09 21:34:42.767896,,Part 4 – Weather timing: phân biệt thời tiết hiện tại với dự báo cho ngày sau.
353,12,Part 4 - Talk 53 - Office Meeting,/listening/part4/dataset01/g053.mp3,0.00,,53,2026-08-09 21:34:42.767896,2026-08-09 21:34:42.767896,,"Part 4 – Temperature: chú ý high, low, degrees và temperature changes."
354,12,Part 4 - Talk 54 - Restaurant Advertisement,/listening/part4/dataset01/g054.mp3,0.00,,54,2026-08-09 21:34:42.767896,2026-08-09 21:34:42.767896,,Part 4 – Travel forecast: kết hợp địa điểm và thời tiết để xác định nơi được đề cập.
217,3,Part 3 - Conversation 17,/listening/part3/dataset01/g017.mp3,0.00,,17,2026-08-09 21:13:23.227169,2026-08-09 21:13:23.227169,,"Part 3 – Numbers: khi nghe số, tập trung vào con số cuối cùng sau khi người nói sửa hoặc xác nhận."
218,3,Part 3 - Conversation 18,/listening/part3/dataset01/g018.mp3,0.00,,18,2026-08-09 21:13:23.227169,2026-08-09 21:13:23.227169,,"Part 3 – Dates: phân biệt ngày tháng với số phòng, số điện thoại hoặc số lượng."
219,3,Part 3 - Conversation 19,/listening/part3/dataset01/g019.mp3,0.00,,19,2026-08-09 21:13:23.227169,2026-08-09 21:13:23.227169,,"Part 3 – Prices: chú ý dollar, cents, per item và total để tránh nhầm giá đơn vị với tổng tiền."
220,3,Part 3 - Conversation 20,/listening/part3/dataset01/g020.mp3,0.00,,20,2026-08-09 21:13:23.227169,2026-08-09 21:13:23.227169,,"Part 3 – Schedule: chú ý các từ move, postpone, reschedule, cancel vì chúng có thể thay đổi lịch."
202,3,Part 3 - Conversation 02,/listening/part3/dataset01/g002.mp3,0.00,,2,2026-08-09 21:13:23.227169,2026-08-09 21:13:23.227169,,"Part 3 – Speaker purpose: chú ý các câu có “I need”, “I want”, “I would like” để xác định mục đích."
210,3,Part 3 - Conversation 10,/listening/part3/dataset01/g010.mp3,0.00,,10,2026-08-09 21:13:23.227169,2026-08-09 21:13:23.227169,,"Part 3 – Why: nghe các từ because, since, due to và các câu giải thích nguyên nhân."
212,3,Part 3 - Conversation 12,/listening/part3/dataset01/g012.mp3,0.00,,12,2026-08-09 21:13:23.227169,2026-08-09 21:13:23.227169,,"Part 3 – Suggestion: chú ý “Why don’t we…?”, “How about…?”, “We could…” vì đây thường là đề xuất."
213,3,Part 3 - Conversation 13,/listening/part3/dataset01/g013.mp3,0.00,,13,2026-08-09 21:13:23.227169,2026-08-09 21:13:23.227169,,"Part 3 – Agreement: các cụm “That sounds good”, “Sure”, “Absolutely” thường thể hiện sự đồng ý."
214,3,Part 3 - Conversation 14,/listening/part3/dataset01/g014.mp3,0.00,,14,2026-08-09 21:13:23.227169,2026-08-09 21:13:23.227169,,"Part 3 – Refusal: chú ý “I’m afraid…”, “Unfortunately…”, “I can’t…” vì có thể biểu thị từ chối."
215,3,Part 3 - Conversation 15,/listening/part3/dataset01/g015.mp3,0.00,,15,2026-08-09 21:13:23.227169,2026-08-09 21:13:23.227169,,Part 3 – Problem: tìm câu mô tả khó khăn trước khi nghe phần giải pháp.
216,3,Part 3 - Conversation 16,/listening/part3/dataset01/g016.mp3,0.00,,16,2026-08-09 21:13:23.227169,2026-08-09 21:13:23.227169,,Part 3 – Solution: thường xuất hiện sau các câu chứa vấn đề hoặc phàn nàn.
355,12,Part 4 - Talk 55 - Museum Tour,/listening/part4/dataset01/g055.mp3,0.00,,55,2026-08-09 21:34:42.767896,2026-08-09 21:34:42.767896,,Part 4 – News report: câu đầu thường cho biết sự kiện chính.
356,12,Part 4 - Talk 56 - Train Announcement,/listening/part4/dataset01/g056.mp3,0.00,,56,2026-08-09 21:34:42.767896,2026-08-09 21:34:42.767896,,"Part 4 – News detail: chú ý who, what, where và when để xây dựng thông tin sự kiện."
357,12,Part 4 - Talk 57 - Weather Report,/listening/part4/dataset01/g057.mp3,0.00,,57,2026-08-09 21:34:42.767896,2026-08-09 21:34:42.767896,,Part 4 – Cause in news: chú ý nguyên nhân và hậu quả của sự kiện.
358,12,Part 4 - Talk 58 - Hotel Notice,/listening/part4/dataset01/g058.mp3,0.00,,58,2026-08-09 21:34:42.767896,2026-08-09 21:34:42.767896,,"Part 4 – Update: nếu người nói dùng recently, today, this morning hoặc latest, hãy chú ý thông tin mới."
359,12,Part 4 - Talk 59 - Store Advertisement,/listening/part4/dataset01/g059.mp3,0.00,,59,2026-08-09 21:34:42.767896,2026-08-09 21:34:42.767896,,Part 4 – Public information: phân biệt thông tin hiện tại với kế hoạch trong tương lai.
360,12,Part 4 - Talk 60 - Company Training,/listening/part4/dataset01/g060.mp3,0.00,,60,2026-08-09 21:34:42.767896,2026-08-09 21:34:42.767896,,"Part 4 – Report conclusion: phần cuối thường chứa kết quả, dự báo hoặc hành động tiếp theo."
370,16,Part 4 - Talk 70 - Company Training,/listening/part4/dataset01/g070.mp3,0.00,,70,2026-08-09 21:34:42.767896,2026-08-09 21:34:42.767896,,"Part 4 – Recommendation: chú ý should, recommend, suggest và advise."
25,13,Question 25,/listening/part1/dataset01/q25.mp3,,,25,2026-08-09 17:24:00.807443,2026-08-09 17:24:00.807443,/listening/part1/images/q25.jpg,"Part 1 – Mẹo 25: Với ảnh có nhiều vật giống nhau, chú ý số lượng và vị trí của từng vật."
26,17,Question 26,/listening/part1/dataset01/q26.mp3,,,26,2026-08-09 17:24:00.807443,2026-08-09 17:24:00.807443,/listening/part1/images/q26.jpg,Part 1 – Mẹo 26: Chú ý danh từ số ít và số nhiều khi nghe mô tả đồ vật.
27,5,Question 27,/listening/part1/dataset01/q27.mp3,,,27,2026-08-09 17:24:00.807443,2026-08-09 17:24:00.807443,/listening/part1/images/q27.jpg,"Part 1 – Mẹo 27: Nếu câu dùng are being, hãy kiểm tra xem hành động đang được thực hiện hay chỉ là trạng thái."
28,17,Question 28,/listening/part1/dataset01/q28.mp3,,,28,2026-08-09 17:24:00.807443,2026-08-09 17:24:00.807443,/listening/part1/images/q28.jpg,"Part 1 – Mẹo 28: Với ảnh có cửa, phân biệt open, closed và being opened."
29,17,Question 29,/listening/part1/dataset01/q29.mp3,,,29,2026-08-09 17:24:00.807443,2026-08-09 17:24:00.807443,/listening/part1/images/q29.jpg,"Part 1 – Mẹo 29: Với ảnh có cửa sổ, chú ý open, closed và looking through."
30,1,Question 30,/listening/part1/dataset01/q30.mp3,,,30,2026-08-09 17:24:00.807443,2026-08-09 17:24:00.807443,/listening/part1/images/q30.jpg,Part 1 – Mẹo 30: Không chọn đáp án chỉ vì một danh từ trong đáp án xuất hiện trong ảnh.
31,13,Question 31,/listening/part1/dataset01/q31.mp3,,,31,2026-08-09 17:24:00.807443,2026-08-09 17:24:00.807443,/listening/part1/images/q31.jpg,"Part 1 – Mẹo 31: Khi có người đứng gần phương tiện, xác định họ đang sử dụng phương tiện hay chỉ đứng cạnh."
32,1,Question 32,/listening/part1/dataset01/q32.mp3,,,32,2026-08-09 17:24:00.807443,2026-08-09 17:24:00.807443,/listening/part1/images/q32.jpg,Part 1 – Mẹo 32: Phân biệt getting into và getting out of một phương tiện.
33,5,Question 33,/listening/part1/dataset01/q33.mp3,,,33,2026-08-09 17:24:00.807443,2026-08-09 17:24:00.807443,/listening/part1/images/q33.jpg,"Part 1 – Mẹo 33: Với xe đạp, chú ý riding, parking và standing beside the bicycle."
34,1,Question 34,/listening/part1/dataset01/q34.mp3,,,34,2026-08-09 17:24:00.807443,2026-08-09 17:24:00.807443,/listening/part1/images/q34.jpg,"Part 1 – Mẹo 34: Với xe hơi, chú ý driving, entering, exiting và parking."
35,5,Question 35,/listening/part1/dataset01/q35.mp3,,,35,2026-08-09 17:24:00.807443,2026-08-09 17:24:00.807443,/listening/part1/images/q35.jpg,"Part 1 – Mẹo 35: Với tàu hoặc xe buýt, phân biệt waiting for với boarding."
36,1,Question 36,/listening/part1/dataset01/q36.mp3,,,36,2026-08-09 17:24:00.807443,2026-08-09 17:24:00.807443,/listening/part1/images/q36.jpg,"Part 1 – Mẹo 36: Khi ảnh có người đang chờ, chú ý vị trí và tư thế thay vì suy đoán lý do."
37,1,Question 37,/listening/part1/dataset01/q37.mp3,,,37,2026-08-09 17:24:00.807443,2026-08-09 17:24:00.807443,/listening/part1/images/q37.jpg,"Part 1 – Mẹo 37: Nếu người đang đứng, đáp án dùng sitting hoặc lying là đáp án sai."
38,5,Question 38,/listening/part1/dataset01/q38.mp3,,,38,2026-08-09 17:24:00.807443,2026-08-09 17:24:00.807443,/listening/part1/images/q38.jpg,"Part 1 – Mẹo 38: Nếu người đang ngồi, đáp án dùng standing phải được loại ngay."
39,1,Question 39,/listening/part1/dataset01/q39.mp3,,,39,2026-08-09 17:24:00.807443,2026-08-09 17:24:00.807443,/listening/part1/images/q39.jpg,Part 1 – Mẹo 39: Phân biệt bending over với standing upright khi quan sát tư thế.
41,5,Question 41,/listening/part1/dataset01/q41.mp3,,,41,2026-08-09 17:24:00.807443,2026-08-09 17:24:00.807443,/listening/part1/images/q41.jpg,"Part 1 – Mẹo 41: Với ảnh nhà hàng, chú ý eating, drinking, serving và preparing food."
134,6,Part 2 - Question Response 034,/listening/part2/dataset01/q34.mp3,,,34,2026-08-09 20:15:34.476221,2026-08-09 20:15:34.476221,,"Part 2 – Mẹo 34: Nếu câu hỏi là When, đáp án chứa địa điểm thường là bẫy."
209,3,Part 3 - Conversation 09,/listening/part3/dataset01/g009.mp3,0.00,,9,2026-08-09 21:13:23.227169,2026-08-09 21:13:23.227169,,Part 3 – When: phân biệt thời điểm xảy ra hành động với thời điểm được đề cập nhưng không phải đáp án.
231,7,Part 3 - Conversation 31,/listening/part3/dataset01/g031.mp3,0.00,,31,2026-08-09 21:13:23.227169,2026-08-09 21:13:23.227169,,"Part 3 – Job context: nghe chức vụ, nhiệm vụ và nơi làm việc để xác định bối cảnh công việc."
232,7,Part 3 - Conversation 32,/listening/part3/dataset01/g032.mp3,0.00,,32,2026-08-09 21:13:23.227169,2026-08-09 21:13:23.227169,,"Part 3 – Office vocabulary: các từ meeting, report, schedule, manager, client thường báo hiệu bối cảnh văn phòng."
233,7,Part 3 - Conversation 33,/listening/part3/dataset01/g033.mp3,0.00,,33,2026-08-09 21:13:23.227169,2026-08-09 21:13:23.227169,,"Part 3 – Shopping context: chú ý price, size, color, available và receipt trong hội thoại mua sắm."
234,7,Part 3 - Conversation 34,/listening/part3/dataset01/g034.mp3,0.00,,34,2026-08-09 21:13:23.227169,2026-08-09 21:13:23.227169,,"Part 3 – Travel context: chú ý flight, ticket, gate, luggage, reservation khi hội thoại liên quan du lịch."
235,7,Part 3 - Conversation 35,/listening/part3/dataset01/g035.mp3,0.00,,35,2026-08-09 21:13:23.227169,2026-08-09 21:13:23.227169,,"Part 3 – Restaurant context: menu, order, table, reservation, bill là các từ khóa quan trọng."
236,7,Part 3 - Conversation 36,/listening/part3/dataset01/g036.mp3,0.00,,36,2026-08-09 21:13:23.227169,2026-08-09 21:13:23.227169,,"Part 3 – Hotel context: reservation, room, check-in, check-out, key card thường xuất hiện trong hội thoại khách sạn."
238,7,Part 3 - Conversation 38,/listening/part3/dataset01/g038.mp3,0.00,,38,2026-08-09 21:13:23.227169,2026-08-09 21:13:23.227169,,"Part 3 – Event: chú ý date, venue, registration, ticket và attendees khi nghe về sự kiện."
239,7,Part 3 - Conversation 39,/listening/part3/dataset01/g039.mp3,0.00,,39,2026-08-09 21:13:23.227169,2026-08-09 21:13:23.227169,,"Part 3 – Advertisement: xác định sản phẩm/dịch vụ trước, sau đó tìm giá, ưu đãi hoặc thời gian."
240,7,Part 3 - Conversation 40,/listening/part3/dataset01/g040.mp3,0.00,,40,2026-08-09 21:13:23.227169,2026-08-09 21:13:23.227169,,Part 3 – Customer service: nghe vấn đề của khách hàng và giải pháp nhân viên đưa ra.
241,11,Part 3 - Conversation 41,/listening/part3/dataset01/g041.mp3,0.00,,41,2026-08-09 21:13:23.227169,2026-08-09 21:13:23.227169,,"Part 3 – Pronouns: “it”, “they”, “this” có thể thay thế thông tin vừa được nhắc đến; cần xác định đối tượng trước đó."
242,11,Part 3 - Conversation 42,/listening/part3/dataset01/g042.mp3,0.00,,42,2026-08-09 21:13:23.227169,2026-08-09 21:13:23.227169,,"Part 3 – Paraphrase: đáp án thường diễn đạt lại nội dung nghe bằng từ khác, không nhất thiết lặp nguyên văn."
243,11,Part 3 - Conversation 43,/listening/part3/dataset01/g043.mp3,0.00,,43,2026-08-09 21:13:23.227169,2026-08-09 21:13:23.227169,,Part 3 – Synonyms: học các cặp từ đồng nghĩa thường gặp để nhận diện đáp án dù không nghe đúng từ trong lựa chọn.
244,11,Part 3 - Conversation 44,/listening/part3/dataset01/g044.mp3,0.00,,44,2026-08-09 21:13:23.227169,2026-08-09 21:13:23.227169,,Part 3 – Distractors: một số đáp án chứa từ đã nghe nhưng không trả lời đúng câu hỏi; đừng chọn chỉ vì nghe thấy từ giống nhau.
245,11,Part 3 - Conversation 45,/listening/part3/dataset01/g045.mp3,0.00,,45,2026-08-09 21:13:23.227169,2026-08-09 21:13:23.227169,,"Part 3 – Sequence: chú ý first, then, after that, finally để theo dõi thứ tự sự kiện."
246,11,Part 3 - Conversation 46,/listening/part3/dataset01/g046.mp3,0.00,,46,2026-08-09 21:13:23.227169,2026-08-09 21:13:23.227169,,"Part 3 – Before/after: phân biệt hành động xảy ra trước và sau khi nghe các từ before, after, until."
247,11,Part 3 - Conversation 47,/listening/part3/dataset01/g047.mp3,0.00,,47,2026-08-09 21:13:23.227169,2026-08-09 21:13:23.227169,,Part 3 – Already/yet: phân biệt hành động đã hoàn thành với hành động chưa xảy ra.
248,11,Part 3 - Conversation 48,/listening/part3/dataset01/g048.mp3,0.00,,48,2026-08-09 21:13:23.227169,2026-08-09 21:13:23.227169,,"Part 3 – Future plan: chú ý will, be going to, plan to và intend to."
249,11,Part 3 - Conversation 49,/listening/part3/dataset01/g049.mp3,0.00,,49,2026-08-09 21:13:23.227169,2026-08-09 21:13:23.227169,,Part 3 – Present situation: chú ý is/are + V-ing để nhận biết hành động đang diễn ra.
250,11,Part 3 - Conversation 50,/listening/part3/dataset01/g050.mp3,0.00,,50,2026-08-09 21:13:23.227169,2026-08-09 21:13:23.227169,,"Part 3 – Past event: chú ý yesterday, last week, earlier và động từ quá khứ để xác định sự kiện đã xảy ra."
251,11,Part 3 - Conversation 51,/listening/part3/dataset01/g051.mp3,0.00,,51,2026-08-09 21:13:23.227169,2026-08-09 21:13:23.227169,,Part 3 – Indirect answer: đáp án đôi khi không trả lời trực tiếp câu hỏi mà phải suy luận từ hai câu liên tiếp.
252,11,Part 3 - Conversation 52,/listening/part3/dataset01/g052.mp3,0.00,,52,2026-08-09 21:13:23.227169,2026-08-09 21:13:23.227169,,Part 3 – Implication: “It’s already five o’clock” có thể ngụ ý cần nhanh lên dù không nói trực tiếp.
253,11,Part 3 - Conversation 53,/listening/part3/dataset01/g053.mp3,0.00,,53,2026-08-09 21:13:23.227169,2026-08-09 21:13:23.227169,,"Part 3 – Negative questions: nếu câu hỏi chứa “Why didn’t…?”, tập trung vào lý do không thực hiện hành động."
254,11,Part 3 - Conversation 54,/listening/part3/dataset01/g054.mp3,0.00,,54,2026-08-09 21:13:23.227169,2026-08-09 21:13:23.227169,,"Part 3 – Negative information: chú ý not, never, no longer, without vì chúng có thể đảo ngược ý nghĩa."
255,11,Part 3 - Conversation 55,/listening/part3/dataset01/g055.mp3,0.00,,55,2026-08-09 21:13:23.227169,2026-08-09 21:13:23.227169,,"Part 3 – Change of plan: chú ý “We were going to…, but…” vì kế hoạch ban đầu có thể đã thay đổi."
256,11,Part 3 - Conversation 56,/listening/part3/dataset01/g056.mp3,0.00,,56,2026-08-09 21:13:23.227169,2026-08-09 21:13:23.227169,,"Part 3 – Confirmation: các cụm “Right?”, “Is that correct?”, “You mean…?” thường kiểm tra hoặc xác nhận thông tin."
257,11,Part 3 - Conversation 57,/listening/part3/dataset01/g057.mp3,0.00,,57,2026-08-09 21:13:23.227169,2026-08-09 21:13:23.227169,,"Part 3 – Clarification: “What do you mean?”, “Could you explain?” báo hiệu thông tin giải thích quan trọng."
258,11,Part 3 - Conversation 58,/listening/part3/dataset01/g058.mp3,0.00,,58,2026-08-09 21:13:23.227169,2026-08-09 21:13:23.227169,,"Part 3 – Misunderstanding: khi người nói sửa hoặc giải thích lại, hãy ưu tiên thông tin đã được làm rõ."
259,11,Part 3 - Conversation 59,/listening/part3/dataset01/g059.mp3,0.00,,59,2026-08-09 21:13:23.227169,2026-08-09 21:13:23.227169,,"Part 3 – Comparison: chú ý more, less, cheaper, faster, better để xác định sự so sánh."
260,11,Part 3 - Conversation 60,/listening/part3/dataset01/g060.mp3,0.00,,60,2026-08-09 21:13:23.227169,2026-08-09 21:13:23.227169,,"Part 3 – Superlatives: chú ý best, largest, cheapest, most convenient vì câu hỏi có thể hỏi lựa chọn nổi bật nhất."
273,15,Part 3 - Conversation 73,/listening/part3/dataset01/g073.mp3,0.00,,73,2026-08-09 21:13:23.227169,2026-08-09 21:13:23.227169,,"Part 3 – Building floors: phân biệt first floor, second floor, upstairs và downstairs."
274,15,Part 3 - Conversation 74,/listening/part3/dataset01/g074.mp3,0.00,,74,2026-08-09 21:13:23.227169,2026-08-09 21:13:23.227169,,Part 3 – Room numbers: nghe rõ từng chữ số và phân biệt room number với số điện thoại.
275,15,Part 3 - Conversation 75,/listening/part3/dataset01/g075.mp3,0.00,,75,2026-08-09 21:13:23.227169,2026-08-09 21:13:23.227169,,"Part 3 – Opening hours: chú ý open, close, from…to… và until."
276,15,Part 3 - Conversation 76,/listening/part3/dataset01/g076.mp3,0.00,,76,2026-08-09 21:13:23.227169,2026-08-09 21:13:23.227169,,"Part 3 – Availability: “out of stock”, “available”, “sold out” và “in stock” là các tín hiệu quan trọng."
277,15,Part 3 - Conversation 77,/listening/part3/dataset01/g077.mp3,0.00,,77,2026-08-09 21:13:23.227169,2026-08-09 21:13:23.227169,,"Part 3 – Quantity: chú ý a few, several, dozens, half và enough để xác định số lượng."
278,15,Part 3 - Conversation 78,/listening/part3/dataset01/g078.mp3,0.00,,78,2026-08-09 21:13:23.227169,2026-08-09 21:13:23.227169,,"Part 3 – Frequency: always, usually, often, sometimes, rarely và never cho biết tần suất."
279,15,Part 3 - Conversation 79,/listening/part3/dataset01/g079.mp3,0.00,,79,2026-08-09 21:13:23.227169,2026-08-09 21:13:23.227169,,"Part 3 – Duration: for two hours, since Monday, all day và during the meeting chỉ thời lượng."
280,15,Part 3 - Conversation 80,/listening/part3/dataset01/g080.mp3,0.00,,80,2026-08-09 21:13:23.227169,2026-08-09 21:13:23.227169,,"Part 3 – Approximation: about, approximately, nearly và almost cho biết con số gần đúng."
281,19,Part 3 - Conversation 81,/listening/part3/dataset01/g081.mp3,0.00,,81,2026-08-09 21:13:23.227169,2026-08-09 21:13:23.227169,,Part 3 – Listen ahead: đọc nhanh cả ba câu hỏi trước khi audio bắt đầu để biết mình cần nghe thông tin gì.
282,19,Part 3 - Conversation 82,/listening/part3/dataset01/g082.mp3,0.00,,82,2026-08-09 21:13:23.227169,2026-08-09 21:13:23.227169,,Part 3 – Keyword prediction: từ “where” dự đoán địa điểm; “when” dự đoán thời gian; “who” dự đoán người.
283,19,Part 3 - Conversation 83,/listening/part3/dataset01/g083.mp3,0.00,,83,2026-08-09 21:13:23.227169,2026-08-09 21:13:23.227169,,Part 3 – Answer order: thông tin trả lời ba câu hỏi thường xuất hiện gần theo thứ tự câu hỏi.
101,2,Part 2 - Question Response 001,/listening/part2/dataset01/q01.mp3,,,1,2026-08-09 20:15:34.476221,2026-08-09 20:15:34.476221,,Part 2 – Mẹo 1: Nghe từ để hỏi đầu tiên để xác định ngay loại thông tin cần tìm.
102,2,Part 2 - Question Response 002,/listening/part2/dataset01/q02.mp3,,,2,2026-08-09 20:15:34.476221,2026-08-09 20:15:34.476221,,"Part 2 – Mẹo 2: Với Who, câu trả lời thường cung cấp tên người, chức vụ hoặc nhóm người."
103,2,Part 2 - Question Response 003,/listening/part2/dataset01/q03.mp3,,,3,2026-08-09 20:15:34.476221,2026-08-09 20:15:34.476221,,"Part 2 – Mẹo 3: Với When, tập trung vào thời gian, ngày, tháng hoặc thời điểm."
104,2,Part 2 - Question Response 004,/listening/part2/dataset01/q04.mp3,,,4,2026-08-09 20:15:34.476221,2026-08-09 20:15:34.476221,,"Part 2 – Mẹo 4: Với Where, ưu tiên địa điểm hoặc vị trí thay vì thời gian."
105,2,Part 2 - Question Response 005,/listening/part2/dataset01/q05.mp3,,,5,2026-08-09 20:15:34.476221,2026-08-09 20:15:34.476221,,"Part 2 – Mẹo 5: Với Why, câu trả lời thường giải thích nguyên nhân hoặc mục đích."
284,19,Part 3 - Conversation 84,/listening/part3/dataset01/g084.mp3,0.00,,84,2026-08-09 21:13:23.227169,2026-08-09 21:13:23.227169,,Part 3 – First listen: không dừng audio để dịch từng câu; hãy tập trung hiểu ý chính.
285,19,Part 3 - Conversation 85,/listening/part3/dataset01/g085.mp3,0.00,,85,2026-08-09 21:13:23.227169,2026-08-09 21:13:23.227169,,"Part 3 – Second clue: nếu bỏ lỡ đáp án, tiếp tục nghe thay vì cố nhớ câu vừa qua."
286,19,Part 3 - Conversation 86,/listening/part3/dataset01/g086.mp3,0.00,,86,2026-08-09 21:13:23.227169,2026-08-09 21:13:23.227169,,Part 3 – Speaker identification: ghi nhớ giọng và tên người để không nhầm thông tin giữa các speaker.
287,19,Part 3 - Conversation 87,/listening/part3/dataset01/g087.mp3,0.00,,87,2026-08-09 21:13:23.227169,2026-08-09 21:13:23.227169,,Part 3 – Context first: xác định bối cảnh trước khi cố tìm đáp án chi tiết.
288,19,Part 3 - Conversation 88,/listening/part3/dataset01/g088.mp3,0.00,,88,2026-08-09 21:13:23.227169,2026-08-09 21:13:23.227169,,Part 3 – Question type: nhận diện dạng câu hỏi trước giúp xác định loại thông tin cần nghe.
289,19,Part 3 - Conversation 89,/listening/part3/dataset01/g089.mp3,0.00,,89,2026-08-09 21:13:23.227169,2026-08-09 21:13:23.227169,,Part 3 – Elimination: loại đáp án sai rõ ràng trước khi chọn đáp án còn lại.
290,19,Part 3 - Conversation 90,/listening/part3/dataset01/g090.mp3,0.00,,90,2026-08-09 21:13:23.227169,2026-08-09 21:13:23.227169,,Part 3 – Do not translate: luyện nghe trực tiếp ý nghĩa tiếng Anh thay vì dịch từng từ sang tiếng Việt.
291,19,Part 3 - Conversation 91,/listening/part3/dataset01/g091.mp3,0.00,,91,2026-08-09 21:13:23.227169,2026-08-09 21:13:23.227169,,Part 3 – Numbers trap: các con số có thể được nhắc nhiều lần; chọn con số đã được xác nhận cuối cùng.
292,19,Part 3 - Conversation 92,/listening/part3/dataset01/g092.mp3,0.00,,92,2026-08-09 21:13:23.227169,2026-08-09 21:13:23.227169,,Part 3 – Time trap: phân biệt thời gian đề xuất với thời gian cuối cùng được thống nhất.
293,19,Part 3 - Conversation 93,/listening/part3/dataset01/g093.mp3,0.00,,93,2026-08-09 21:13:23.227169,2026-08-09 21:13:23.227169,,Part 3 – Place trap: một địa điểm có thể được nhắc đến nhưng không phải nơi hành động xảy ra.
294,19,Part 3 - Conversation 94,/listening/part3/dataset01/g094.mp3,0.00,,94,2026-08-09 21:13:23.227169,2026-08-09 21:13:23.227169,,Part 3 – Person trap: tên người được nhắc đến không nhất thiết là người thực hiện hành động.
295,19,Part 3 - Conversation 95,/listening/part3/dataset01/g095.mp3,0.00,,95,2026-08-09 21:13:23.227169,2026-08-09 21:13:23.227169,,Part 3 – Word trap: không chọn đáp án chỉ vì nó lặp lại đúng từ trong audio.
296,19,Part 3 - Conversation 96,/listening/part3/dataset01/g096.mp3,0.00,,96,2026-08-09 21:13:23.227169,2026-08-09 21:13:23.227169,,"Part 3 – Tone: giọng nói có thể giúp nhận biết sự đồng ý, ngạc nhiên, lo lắng hoặc không hài lòng."
297,19,Part 3 - Conversation 97,/listening/part3/dataset01/g097.mp3,0.00,,97,2026-08-09 21:13:23.227169,2026-08-09 21:13:23.227169,,"Part 3 – Emotion: các từ frustrated, worried, excited, pleased giúp xác định cảm xúc người nói."
298,19,Part 3 - Conversation 98,/listening/part3/dataset01/g098.mp3,0.00,,98,2026-08-09 21:13:23.227169,2026-08-09 21:13:23.227169,,Part 3 – Intention: “Why does the speaker say this?” thường yêu cầu hiểu mục đích của câu nói.
299,19,Part 3 - Conversation 99,/listening/part3/dataset01/g099.mp3,0.00,,99,2026-08-09 21:13:23.227169,2026-08-09 21:13:23.227169,,"Part 3 – Inference: nếu đáp án không được nói nguyên văn, kết hợp hai hoặc nhiều thông tin trong đoạn để suy luận."
300,19,Part 3 - Conversation 100,/listening/part3/dataset01/g100.mp3,0.00,,100,2026-08-09 21:13:23.227169,2026-08-09 21:13:23.227169,,"Part 3 – Overall strategy: đọc câu hỏi trước, xác định từ khóa, nghe ý chính, ghi nhớ chi tiết và kiểm tra đáp án bằng ngữ cảnh."
371,16,Part 4 - Talk 71 - Library Announcement,/listening/part4/dataset01/g071.mp3,0.00,,71,2026-08-09 21:34:42.767896,2026-08-09 21:34:42.767896,,Part 4 – Inference: câu hỏi suy luận yêu cầu kết hợp nhiều thông tin thay vì tìm một câu giống hệt.
372,16,Part 4 - Talk 72 - Airport Announcement,/listening/part4/dataset01/g072.mp3,0.00,,72,2026-08-09 21:34:42.767896,2026-08-09 21:34:42.767896,,Part 4 – Implication: người nói có thể không nói trực tiếp nhưng ngữ cảnh cho phép suy ra đáp án.
373,16,Part 4 - Talk 73 - Office Meeting,/listening/part4/dataset01/g073.mp3,0.00,,73,2026-08-09 21:34:42.767896,2026-08-09 21:34:42.767896,,Part 4 – Speaker intention: hỏi Why does the speaker mention this? thì xác định mục đích của thông tin.
106,2,Part 2 - Question Response 006,/listening/part2/dataset01/q06.mp3,,,6,2026-08-09 20:15:34.476221,2026-08-09 20:15:34.476221,,"Part 2 – Mẹo 6: Với What, không mặc định đáp án phải là đồ vật; có thể là hành động hoặc thông tin."
107,2,Part 2 - Question Response 007,/listening/part2/dataset01/q07.mp3,,,7,2026-08-09 20:15:34.476221,2026-08-09 20:15:34.476221,,"Part 2 – Mẹo 7: Với How, phải nghe phần sau của câu hỏi để biết hỏi cách thức, số lượng hay thời lượng."
108,2,Part 2 - Question Response 008,/listening/part2/dataset01/q08.mp3,,,8,2026-08-09 20:15:34.476221,2026-08-09 20:15:34.476221,,Part 2 – Mẹo 8: How many thường yêu cầu một con số hoặc số lượng cụ thể.
109,2,Part 2 - Question Response 009,/listening/part2/dataset01/q09.mp3,,,9,2026-08-09 20:15:34.476221,2026-08-09 20:15:34.476221,,Part 2 – Mẹo 9: How much có thể hỏi giá tiền hoặc số lượng không đếm được tùy ngữ cảnh.
110,2,Part 2 - Question Response 010,/listening/part2/dataset01/q10.mp3,,,10,2026-08-09 20:15:34.476221,2026-08-09 20:15:34.476221,,Part 2 – Mẹo 10: How long thường hỏi khoảng thời gian hoặc độ dài.
111,2,Part 2 - Question Response 011,/listening/part2/dataset01/q11.mp3,,,11,2026-08-09 20:15:34.476221,2026-08-09 20:15:34.476221,,"Part 2 – Mẹo 11: Với How often, tìm thông tin về tần suất như daily, weekly hoặc twice a month."
112,2,Part 2 - Question Response 012,/listening/part2/dataset01/q12.mp3,,,12,2026-08-09 20:15:34.476221,2026-08-09 20:15:34.476221,,"Part 2 – Mẹo 12: Với What time, đáp án thường là một mốc giờ cụ thể."
113,2,Part 2 - Question Response 013,/listening/part2/dataset01/q13.mp3,,,13,2026-08-09 20:15:34.476221,2026-08-09 20:15:34.476221,,"Part 2 – Mẹo 13: Với What day, tập trung vào thứ trong tuần thay vì ngày giờ đầy đủ."
114,2,Part 2 - Question Response 014,/listening/part2/dataset01/q14.mp3,,,14,2026-08-09 20:15:34.476221,2026-08-09 20:15:34.476221,,"Part 2 – Mẹo 14: Với What date, tìm ngày hoặc ngày tháng cụ thể."
115,2,Part 2 - Question Response 015,/listening/part2/dataset01/q15.mp3,,,15,2026-08-09 20:15:34.476221,2026-08-09 20:15:34.476221,,"Part 2 – Mẹo 15: Với Which, chú ý lựa chọn giữa các phương án đã được đề cập hoặc ngầm hiểu."
116,2,Part 2 - Question Response 016,/listening/part2/dataset01/q16.mp3,,,16,2026-08-09 20:15:34.476221,2026-08-09 20:15:34.476221,,"Part 2 – Mẹo 16: Với Whose, câu trả lời thường cho biết người sở hữu một vật."
374,16,Part 4 - Talk 74 - Restaurant Advertisement,/listening/part4/dataset01/g074.mp3,0.00,,74,2026-08-09 21:34:42.767896,2026-08-09 21:34:42.767896,,"Part 4 – Audience: xác định bài nói dành cho nhân viên, khách hàng, hành khách hay công chúng."
375,16,Part 4 - Talk 75 - Museum Tour,/listening/part4/dataset01/g075.mp3,0.00,,75,2026-08-09 21:34:42.767896,2026-08-09 21:34:42.767896,,Part 4 – Speaker role: chức vụ hoặc nghề nghiệp của người nói thường được suy ra từ nội dung.
376,16,Part 4 - Talk 76 - Train Announcement,/listening/part4/dataset01/g076.mp3,0.00,,76,2026-08-09 21:34:42.767896,2026-08-09 21:34:42.767896,,Part 4 – Setting: xác định nơi diễn ra bài nói dựa vào từ vựng đặc trưng.
377,16,Part 4 - Talk 77 - Weather Report,/listening/part4/dataset01/g077.mp3,0.00,,77,2026-08-09 21:34:42.767896,2026-08-09 21:34:42.767896,,"Part 4 – Tone: giọng nói có thể cho biết sự vui mừng, lo lắng, khẩn cấp hoặc không hài lòng."
378,16,Part 4 - Talk 78 - Hotel Notice,/listening/part4/dataset01/g078.mp3,0.00,,78,2026-08-09 21:34:42.767896,2026-08-09 21:34:42.767896,,"Part 4 – Emotion: chú ý các từ excited, concerned, pleased, disappointed và worried."
379,16,Part 4 - Talk 79 - Store Advertisement,/listening/part4/dataset01/g079.mp3,0.00,,79,2026-08-09 21:34:42.767896,2026-08-09 21:34:42.767896,,"Part 4 – Purpose vs topic: chủ đề là nói về gì, còn purpose là người nói muốn làm gì với thông tin đó."
380,16,Part 4 - Talk 80 - Company Training,/listening/part4/dataset01/g080.mp3,0.00,,80,2026-08-09 21:34:42.767896,2026-08-09 21:34:42.767896,,"Part 4 – Main idea vs detail: câu hỏi main idea cần ý bao quát, không chọn một chi tiết nhỏ."
381,20,Part 4 - Talk 81 - Library Announcement,/listening/part4/dataset01/g081.mp3,0.00,,81,2026-08-09 21:34:42.767896,2026-08-09 21:34:42.767896,,Part 4 – Read ahead: đọc nhanh cả ba câu hỏi trước khi audio bắt đầu để dự đoán thông tin cần nghe.
382,20,Part 4 - Talk 82 - Airport Announcement,/listening/part4/dataset01/g082.mp3,0.00,,82,2026-08-09 21:34:42.767896,2026-08-09 21:34:42.767896,,"Part 4 – Question words: who, what, where, when, why và how giúp dự đoán loại đáp án."
383,20,Part 4 - Talk 83 - Office Meeting,/listening/part4/dataset01/g083.mp3,0.00,,83,2026-08-09 21:34:42.767896,2026-08-09 21:34:42.767896,,Part 4 – Answer order: thông tin thường xuất hiện theo thứ tự tương đối gần với thứ tự câu hỏi.
384,20,Part 4 - Talk 84 - Restaurant Advertisement,/listening/part4/dataset01/g084.mp3,0.00,,84,2026-08-09 21:34:42.767896,2026-08-09 21:34:42.767896,,Part 4 – Keyword prediction: gạch chân danh từ và động từ quan trọng trong câu hỏi.
385,20,Part 4 - Talk 85 - Museum Tour,/listening/part4/dataset01/g085.mp3,0.00,,85,2026-08-09 21:34:42.767896,2026-08-09 21:34:42.767896,,Part 4 – Do not translate: tránh dịch từng câu trong đầu vì sẽ làm mất thông tin tiếp theo.
386,20,Part 4 - Talk 86 - Train Announcement,/listening/part4/dataset01/g086.mp3,0.00,,86,2026-08-09 21:34:42.767896,2026-08-09 21:34:42.767896,,"Part 4 – Listen for transitions: chú ý first, however, therefore, finally để biết hướng phát triển bài nói."
387,20,Part 4 - Talk 87 - Weather Report,/listening/part4/dataset01/g087.mp3,0.00,,87,2026-08-09 21:34:42.767896,2026-08-09 21:34:42.767896,,"Part 4 – Keep listening: nếu bỏ lỡ một thông tin, bỏ qua và tập trung vào phần tiếp theo."
388,20,Part 4 - Talk 88 - Hotel Notice,/listening/part4/dataset01/g088.mp3,0.00,,88,2026-08-09 21:34:42.767896,2026-08-09 21:34:42.767896,,Part 4 – Elimination: loại đáp án sai rõ ràng trước khi lựa chọn đáp án phù hợp nhất.
389,20,Part 4 - Talk 89 - Store Advertisement,/listening/part4/dataset01/g089.mp3,0.00,,89,2026-08-09 21:34:42.767896,2026-08-09 21:34:42.767896,,"Part 4 – Context verification: sau khi chọn đáp án, kiểm tra xem nó có phù hợp toàn bộ bài nói không."
390,20,Part 4 - Talk 90 - Company Training,/listening/part4/dataset01/g090.mp3,0.00,,90,2026-08-09 21:34:42.767896,2026-08-09 21:34:42.767896,,Part 4 – Memory strategy: nhớ ý chính và từ khóa thay vì cố ghi nhớ nguyên câu.
391,20,Part 4 - Talk 91 - Library Announcement,/listening/part4/dataset01/g091.mp3,0.00,,91,2026-08-09 21:34:42.767896,2026-08-09 21:34:42.767896,,Part 4 – Number trap: một bài có thể chứa nhiều con số; xác định con số liên quan trực tiếp câu hỏi.
392,20,Part 4 - Talk 92 - Airport Announcement,/listening/part4/dataset01/g092.mp3,0.00,,92,2026-08-09 21:34:42.767896,2026-08-09 21:34:42.767896,,Part 4 – Date trap: chú ý nếu người nói thay đổi hoặc sửa ngày tháng.
393,20,Part 4 - Talk 93 - Office Meeting,/listening/part4/dataset01/g093.mp3,0.00,,93,2026-08-09 21:34:42.767896,2026-08-09 21:34:42.767896,,"Part 4 – Time trap: phân biệt thời gian bắt đầu, kết thúc và thời hạn."
204,3,Part 3 - Conversation 04,/listening/part3/dataset01/g004.mp3,0.00,,4,2026-08-09 21:13:23.227169,2026-08-09 21:13:23.227169,,"Part 3 – Time: chú ý tomorrow, next week, this afternoon, at three o’clock và các cụm chỉ thời gian."
205,3,Part 3 - Conversation 05,/listening/part3/dataset01/g005.mp3,0.00,,5,2026-08-09 21:13:23.227169,2026-08-09 21:13:23.227169,,Part 3 – Detail: không cần hiểu toàn bộ đoạn hội thoại; tập trung vào từ khóa liên quan trực tiếp câu hỏi.
206,3,Part 3 - Conversation 06,/listening/part3/dataset01/g006.mp3,0.00,,6,2026-08-09 21:13:23.227169,2026-08-09 21:13:23.227169,,"Part 3 – Who: chú ý tên người, chức vụ và đại từ để xác định ai thực hiện hành động."
207,3,Part 3 - Conversation 07,/listening/part3/dataset01/g007.mp3,0.00,,7,2026-08-09 21:13:23.227169,2026-08-09 21:13:23.227169,,"Part 3 – What: khi câu hỏi bắt đầu bằng “What”, tìm động từ và danh từ quan trọng trong đoạn nghe."
208,3,Part 3 - Conversation 08,/listening/part3/dataset01/g008.mp3,0.00,,8,2026-08-09 21:13:23.227169,2026-08-09 21:13:23.227169,,"Part 3 – Where: câu trả lời thường chứa tên phòng, tòa nhà, cửa hàng hoặc địa điểm cụ thể."
394,20,Part 4 - Talk 94 - Restaurant Advertisement,/listening/part4/dataset01/g094.mp3,0.00,,94,2026-08-09 21:34:42.767896,2026-08-09 21:34:42.767896,,Part 4 – Location trap: nhiều địa điểm có thể được nhắc nhưng chỉ một nơi phù hợp với câu hỏi.
395,20,Part 4 - Talk 95 - Museum Tour,/listening/part4/dataset01/g095.mp3,0.00,,95,2026-08-09 21:34:42.767896,2026-08-09 21:34:42.767896,,Part 4 – Person trap: người được nhắc đến có thể không phải người thực hiện hành động.
396,20,Part 4 - Talk 96 - Train Announcement,/listening/part4/dataset01/g096.mp3,0.00,,96,2026-08-09 21:34:42.767896,2026-08-09 21:34:42.767896,,Part 4 – Detail trap: đáp án quá cụ thể nhưng không được hỗ trợ bởi audio thường là distractor.
397,20,Part 4 - Talk 97 - Weather Report,/listening/part4/dataset01/g097.mp3,0.00,,97,2026-08-09 21:34:42.767896,2026-08-09 21:34:42.767896,,Part 4 – Change of information: chú ý các câu cập nhật thông tin mới hoặc thay đổi kế hoạch.
398,20,Part 4 - Talk 98 - Hotel Notice,/listening/part4/dataset01/g098.mp3,0.00,,98,2026-08-09 21:34:42.767896,2026-08-09 21:34:42.767896,,Part 4 – Final information: ưu tiên thông tin mới nhất nếu người nói cập nhật hoặc thay đổi thông tin.
399,20,Part 4 - Talk 99 - Store Advertisement,/listening/part4/dataset01/g099.mp3,0.00,,99,2026-08-09 21:34:42.767896,2026-08-09 21:34:42.767896,,"Part 4 – Overall comprehension: kết hợp chủ đề, mục đích và các chi tiết quan trọng để xác định đáp án."
400,20,Part 4 - Talk 100 - Company Training,/listening/part4/dataset01/g100.mp3,0.00,,100,2026-08-09 21:34:42.767896,2026-08-09 21:34:42.767896,,"Part 4 – Overall strategy: đọc trước câu hỏi, xác định loại bài nói, nghe từ khóa, theo dõi trình tự và suy luận từ ngữ cảnh."
221,7,Part 3 - Conversation 21,/listening/part3/dataset01/g021.mp3,0.00,,21,2026-08-09 21:13:23.227169,2026-08-09 21:13:23.227169,,"Part 3 – Correction: nếu người nói sửa thông tin bằng “Actually”, “I mean” hoặc “Sorry”, thông tin sau đó thường quan trọng hơn."
222,7,Part 3 - Conversation 22,/listening/part3/dataset01/g022.mp3,0.00,,22,2026-08-09 21:13:23.227169,2026-08-09 21:13:23.227169,,"Part 3 – Contrast: chú ý but, however, although vì đáp án thường liên quan đến ý sau các từ này."
223,7,Part 3 - Conversation 23,/listening/part3/dataset01/g023.mp3,0.00,,23,2026-08-09 21:13:23.227169,2026-08-09 21:13:23.227169,,"Part 3 – Cause and effect: nhận diện because, so, therefore để nối nguyên nhân với kết quả."
224,7,Part 3 - Conversation 24,/listening/part3/dataset01/g024.mp3,0.00,,24,2026-08-09 21:13:23.227169,2026-08-09 21:13:23.227169,,"Part 3 – Opinion: các cụm “I think”, “I believe”, “In my opinion” báo hiệu quan điểm của người nói."
225,7,Part 3 - Conversation 25,/listening/part3/dataset01/g025.mp3,0.00,,25,2026-08-09 21:13:23.227169,2026-08-09 21:13:23.227169,,"Part 3 – Preference: chú ý “prefer”, “would rather”, “like better” để xác định lựa chọn."
226,7,Part 3 - Conversation 26,/listening/part3/dataset01/g026.mp3,0.00,,26,2026-08-09 21:13:23.227169,2026-08-09 21:13:23.227169,,"Part 3 – Request: “Could you…?”, “Would you…?”, “Can you…?” thường là yêu cầu."
227,7,Part 3 - Conversation 27,/listening/part3/dataset01/g027.mp3,0.00,,27,2026-08-09 21:13:23.227169,2026-08-09 21:13:23.227169,,"Part 3 – Permission: chú ý “May I…?”, “Can I…?”, “Is it okay if…?” để nhận biết xin phép."
228,7,Part 3 - Conversation 28,/listening/part3/dataset01/g028.mp3,0.00,,28,2026-08-09 21:13:23.227169,2026-08-09 21:13:23.227169,,Part 3 – Invitation: “Would you like to…?” và “Do you want to…?” thường là lời mời.
229,7,Part 3 - Conversation 29,/listening/part3/dataset01/g029.mp3,0.00,,29,2026-08-09 21:13:23.227169,2026-08-09 21:13:23.227169,,"Part 3 – Offer: “I can…”, “Let me…”, “Would you like me to…?” thường thể hiện lời đề nghị giúp đỡ."
230,7,Part 3 - Conversation 30,/listening/part3/dataset01/g030.mp3,0.00,,30,2026-08-09 21:13:23.227169,2026-08-09 21:13:23.227169,,"Part 3 – Recommendation: chú ý “You should…”, “I recommend…” và “You might want to…” để nhận biết lời khuyên."
237,7,Part 3 - Conversation 37,/listening/part3/dataset01/g037.mp3,0.00,,37,2026-08-09 21:13:23.227169,2026-08-09 21:13:23.227169,,"Part 3 – Transportation: chú ý departure, arrival, platform, station và delay."
261,15,Part 3 - Conversation 61,/listening/part3/dataset01/g061.mp3,0.00,,61,2026-08-09 21:13:23.227169,2026-08-09 21:13:23.227169,,Part 3 – Workplace task: xác định ai chịu trách nhiệm thực hiện công việc được nhắc đến.
262,15,Part 3 - Conversation 62,/listening/part3/dataset01/g062.mp3,0.00,,62,2026-08-09 21:13:23.227169,2026-08-09 21:13:23.227169,,"Part 3 – Deadline: chú ý by Friday, before noon, no later than… để xác định hạn chót."
263,15,Part 3 - Conversation 63,/listening/part3/dataset01/g063.mp3,0.00,,63,2026-08-09 21:13:23.227169,2026-08-09 21:13:23.227169,,"Part 3 – Appointment: chú ý appointment, available, schedule và confirm."
264,15,Part 3 - Conversation 64,/listening/part3/dataset01/g064.mp3,0.00,,64,2026-08-09 21:13:23.227169,2026-08-09 21:13:23.227169,,"Part 3 – Meeting: nghe agenda, participants, conference room và meeting time."
265,15,Part 3 - Conversation 65,/listening/part3/dataset01/g065.mp3,0.00,,65,2026-08-09 21:13:23.227169,2026-08-09 21:13:23.227169,,"Part 3 – Document: chú ý report, form, contract, application và file."
266,15,Part 3 - Conversation 66,/listening/part3/dataset01/g066.mp3,0.00,,66,2026-08-09 21:13:23.227169,2026-08-09 21:13:23.227169,,"Part 3 – Equipment: xác định thiết bị và tình trạng của nó qua các từ broken, repair, replace, install."
267,15,Part 3 - Conversation 67,/listening/part3/dataset01/g067.mp3,0.00,,67,2026-08-09 21:13:23.227169,2026-08-09 21:13:23.227169,,"Part 3 – Delivery: chú ý ship, deliver, package, address và arrival date."
268,15,Part 3 - Conversation 68,/listening/part3/dataset01/g068.mp3,0.00,,68,2026-08-09 21:13:23.227169,2026-08-09 21:13:23.227169,,"Part 3 – Order: phân biệt item được đặt, số lượng, giá và thời gian giao hàng."
269,15,Part 3 - Conversation 69,/listening/part3/dataset01/g069.mp3,0.00,,69,2026-08-09 21:13:23.227169,2026-08-09 21:13:23.227169,,"Part 3 – Reservation: chú ý reserve, book, available và confirmation number."
270,15,Part 3 - Conversation 70,/listening/part3/dataset01/g070.mp3,0.00,,70,2026-08-09 21:13:23.227169,2026-08-09 21:13:23.227169,,"Part 3 – Cancellation: chú ý cancel, refund, change và fee khi cuộc hội thoại nói về hủy dịch vụ."
271,15,Part 3 - Conversation 71,/listening/part3/dataset01/g071.mp3,0.00,,71,2026-08-09 21:13:23.227169,2026-08-09 21:13:23.227169,,"Part 3 – Location clues: giới từ in, at, on, near, beside, across from giúp xác định vị trí."
272,15,Part 3 - Conversation 72,/listening/part3/dataset01/g072.mp3,0.00,,72,2026-08-09 21:13:23.227169,2026-08-09 21:13:23.227169,,"Part 3 – Direction: chú ý turn left, turn right, go straight, next to và across from."
321,8,Part 4 - Talk 21 - Library Announcement,/listening/part4/dataset01/g021.mp3,0.00,,21,2026-08-09 21:34:42.767896,2026-08-09 21:34:42.767896,,Part 4 – Advertisement: xác định sản phẩm hoặc dịch vụ trước khi tìm giá và ưu đãi.
322,8,Part 4 - Talk 22 - Airport Announcement,/listening/part4/dataset01/g022.mp3,0.00,,22,2026-08-09 21:34:42.767896,2026-08-09 21:34:42.767896,,"Part 4 – Promotion: chú ý discount, special offer, free, save và limited time."
323,8,Part 4 - Talk 23 - Office Meeting,/listening/part4/dataset01/g023.mp3,0.00,,23,2026-08-09 21:34:42.767896,2026-08-09 21:34:42.767896,,"Part 4 – Customer benefit: trong quảng cáo, thông tin về lợi ích thường quan trọng hơn mô tả chung."
324,8,Part 4 - Talk 24 - Restaurant Advertisement,/listening/part4/dataset01/g024.mp3,0.00,,24,2026-08-09 21:34:42.767896,2026-08-09 21:34:42.767896,,"Part 4 – Location in advertisement: chú ý địa chỉ, chi nhánh và khu vực phục vụ."
325,8,Part 4 - Talk 25 - Museum Tour,/listening/part4/dataset01/g025.mp3,0.00,,25,2026-08-09 21:34:42.767896,2026-08-09 21:34:42.767896,,"Part 4 – Contact information: phone number, website và email thường xuất hiện ở cuối thông báo."
326,8,Part 4 - Talk 26 - Train Announcement,/listening/part4/dataset01/g026.mp3,0.00,,26,2026-08-09 21:34:42.767896,2026-08-09 21:34:42.767896,,"Part 4 – Event announcement: chú ý ngày, giờ, địa điểm và cách đăng ký."
327,8,Part 4 - Talk 27 - Weather Report,/listening/part4/dataset01/g027.mp3,0.00,,27,2026-08-09 21:34:42.767896,2026-08-09 21:34:42.767896,,"Part 4 – Registration: listen for register, sign up, enroll và reservation."
328,8,Part 4 - Talk 28 - Hotel Notice,/listening/part4/dataset01/g028.mp3,0.00,,28,2026-08-09 21:34:42.767896,2026-08-09 21:34:42.767896,,"Part 4 – Ticket information: phân biệt ticket price, ticket availability và admission fee."
329,8,Part 4 - Talk 29 - Store Advertisement,/listening/part4/dataset01/g029.mp3,0.00,,29,2026-08-09 21:34:42.767896,2026-08-09 21:34:42.767896,,Part 4 – Public notice: xác định việc người nghe cần làm sau khi nghe thông báo.
361,16,Part 4 - Talk 61 - Library Announcement,/listening/part4/dataset01/g061.mp3,0.00,,61,2026-08-09 21:34:42.767896,2026-08-09 21:34:42.767896,,Part 4 – Paraphrase: đáp án thường diễn đạt lại ý trong audio bằng từ vựng khác.
362,16,Part 4 - Talk 62 - Airport Announcement,/listening/part4/dataset01/g062.mp3,0.00,,62,2026-08-09 21:34:42.767896,2026-08-09 21:34:42.767896,,Part 4 – Synonym recognition: học cách nhận diện từ đồng nghĩa thay vì chờ nghe đúng từ trong đáp án.
363,16,Part 4 - Talk 63 - Office Meeting,/listening/part4/dataset01/g063.mp3,0.00,,63,2026-08-09 21:34:42.767896,2026-08-09 21:34:42.767896,,Part 4 – Distractor: đáp án có từ giống audio chưa chắc đúng; phải kiểm tra cả ý nghĩa.
364,16,Part 4 - Talk 64 - Restaurant Advertisement,/listening/part4/dataset01/g064.mp3,0.00,,64,2026-08-09 21:34:42.767896,2026-08-09 21:34:42.767896,,"Part 4 – Contrast: chú ý but, however, although và instead vì thông tin sau thường quan trọng."
365,16,Part 4 - Talk 65 - Museum Tour,/listening/part4/dataset01/g065.mp3,0.00,,65,2026-08-09 21:34:42.767896,2026-08-09 21:34:42.767896,,"Part 4 – Correction: thông tin sau actually, rather, I mean hoặc correction thường là thông tin chính xác."
366,16,Part 4 - Talk 66 - Train Announcement,/listening/part4/dataset01/g066.mp3,0.00,,66,2026-08-09 21:34:42.767896,2026-08-09 21:34:42.767896,,"Part 4 – Negative information: chú ý not, never, no longer và without."
367,16,Part 4 - Talk 67 - Weather Report,/listening/part4/dataset01/g067.mp3,0.00,,67,2026-08-09 21:34:42.767896,2026-08-09 21:34:42.767896,,"Part 4 – Comparison: chú ý more, less, higher, lower, better và cheaper."
368,16,Part 4 - Talk 68 - Hotel Notice,/listening/part4/dataset01/g068.mp3,0.00,,68,2026-08-09 21:34:42.767896,2026-08-09 21:34:42.767896,,"Part 4 – Superlative: chú ý best, largest, newest, most popular và least expensive."
369,16,Part 4 - Talk 69 - Store Advertisement,/listening/part4/dataset01/g069.mp3,0.00,,69,2026-08-09 21:34:42.767896,2026-08-09 21:34:42.767896,,"Part 4 – Opinion: các cụm I think, I believe và in my opinion báo hiệu quan điểm."
